status,error_message,case_id,tensor_path,molecule,bond_length,basis,active_occupied,active_vacant,n_qubits,number_of_pauli_terms,ordering,ordering_definition,pauli_order_hash,first_pauli_string,first_coefficient,last_pauli_string,last_coefficient,trotter_steps,trotter_dt,evolution_time,nominal_exponential_count,bch2_hf_state_norm,bch_squared_ratio_to_raw_jw,exact_sector_dimension,exact_build_time_seconds,exact_evolution_time_seconds,trotter_runtime_seconds,state_overlap_abs,one_minus_overlap,state_infidelity,state_vector_2norm_error,phase_aligned_state_2norm_error,particle_number_leakage,spin_sector_leakage,one_minus_overlap_ratio_to_raw_jw,state_infidelity_ratio_to_raw_jw,coefficient_tolerance,multiplicity,charge,active_alpha_electrons,active_beta_electrons,reference_determinant_bitstring
success,,O-O_1.26_sto-6g_as-002-002,hamiltonian_generator/o2_active_space_library/O-O/1.26/sto-6g/O-O_1.26_sto-6g_as-002-002.tensors.npz,O-O,1.26,sto-6g,2,2,4,14,jw_raw,OpenFermion/QHAT final JW insertion order,d9014db262f76c4f,ZIII,0.0483677484301816,IIZZ,0.1616589628015284,100,0.01,1.0,1400,0.0,1.0,1,0.001023916993290186,0.00026849999267142266,0.000374249997548759,1.0,0.0,0.0,1.0424520211463124,0.0,0.0,0.0,1.0,1.0,1e-12,3,0,2,0,1010
success,,O-O_1.26_sto-6g_as-002-002,hamiltonian_generator/o2_active_space_library/O-O/1.26/sto-6g/O-O_1.26_sto-6g_as-002-002.tensors.npz,O-O,1.26,sto-6g,2,2,4,14,signed_coefficient_lexicographic,final JW Pauli terms ordered by ascending signed coefficient; exact ties broken by ascending dense Pauli-string lexicographic order,fa8d8201e0fff5b2,XXYY,-0.0066850952590626275,IIZZ,0.1616589628015284,100,0.01,1.0,1400,0.0,,1,0.001023916993290186,0.00026849999267142266,0.0003778329992201179,1.0,0.0,0.0,1.0424520211463126,0.0,0.0,0.0,,,1e-12,3,0,2,0,1010
success,,O-O_1.26_sto-6g_as-002-002,hamiltonian_generator/o2_active_space_library/O-O/1.26/sto-6g/O-O_1.26_sto-6g_as-002-002.tensors.npz,O-O,1.26,sto-6g,2,2,4,14,jw_magnitude_descending_lexicographic,final JW Pauli terms ordered by decreasing absolute coefficient magnitude; exact ties broken by ascending dense Pauli-string lexicographic order,85c31226a52f09df,IIZZ,0.1616589628015284,YYXX,-0.0066850952590626275,100,0.01,1.0,1400,0.0,,1,0.001023916993290186,0.00026849999267142266,0.00038545799907296896,1.0,0.0,0.0,1.0424520211463133,0.0,0.0,0.0,,,1e-12,3,0,2,0,1010
success,,O-O_1.26_sto-6g_as-002-002,hamiltonian_generator/o2_active_space_library/O-O/1.26/sto-6g/O-O_1.26_sto-6g_as-002-002.tensors.npz,O-O,1.26,sto-6g,2,2,4,14,fermionic_signed_coefficient_lexicographic,"complete Hermitian fermionic terms ordered by ascending signed canonical coefficient, with fermionic lexicographic tie-breaking; final JW Pauli order induced by first occurrence",6485c130a1c30af4,IIZI,0.04836774843018149,XYYX,0.0066850952590626275,100,0.01,1.0,1400,0.0,,1,0.001023916993290186,0.00026849999267142266,0.00036370899761095643,1.0,0.0,0.0,1.0424520211463124,0.0,0.0,0.0,,,1e-12,3,0,2,0,1010
success,,O-O_1.26_sto-6g_as-002-002,hamiltonian_generator/o2_active_space_library/O-O/1.26/sto-6g/O-O_1.26_sto-6g_as-002-002.tensors.npz,O-O,1.26,sto-6g,2,2,4,14,fermionic_magnitude_descending_lexicographic,"complete Hermitian fermionic terms ordered by decreasing absolute canonical coefficient magnitude, with fermionic lexicographic tie-breaking; final JW Pauli order induced by first occurrence",6485c130a1c30af4,IIZI,0.04836774843018149,XYYX,0.0066850952590626275,100,0.01,1.0,1400,0.0,,1,0.001023916993290186,0.00026849999267142266,0.00034587499976623803,1.0,0.0,0.0,1.0424520211463124,0.0,0.0,0.0,,,1e-12,3,0,2,0,1010
success,,O-O_1.26_hgbs-5_as-002-002,hamiltonian_generator/o2_active_space_library/O-O/1.26/hgbs-5/O-O_1.26_hgbs-5_as-002-002.tensors.npz,O-O,1.26,hgbs-5,2,2,4,14,jw_raw,OpenFermion/QHAT final JW insertion order,d9014db262f76c4f,ZIII,0.1246680864172385,IIZZ,0.15445441026132609,100,0.01,1.0,1400,0.0,1.0,1,0.0009643749945098534,0.00025604100665077567,0.0003830419882433489,0.9999999999999621,3.785860513971784e-14,7.571721027943568e-14,1.2621637346862382,2.7516760397880357e-07,7.571721027943568e-14,7.571721027943568e-14,1.0,1.0,1e-12,3,0,2,0,1010
success,,O-O_1.26_hgbs-5_as-002-002,hamiltonian_generator/o2_active_space_library/O-O/1.26/hgbs-5/O-O_1.26_hgbs-5_as-002-002.tensors.npz,O-O,1.26,hgbs-5,2,2,4,14,signed_coefficient_lexicographic,final JW Pauli terms ordered by ascending signed coefficient; exact ties broken by ascending dense Pauli-string lexicographic order,6be9a5c39f641dfa,XXYY,-0.00595046259565747,IIZZ,0.15445441026132609,100,0.01,1.0,1400,0.0,,1,0.0009643749945098534,0.00025604100665077567,0.0003929579979740083,0.9999999999999672,3.275157922644212e-14,6.550315845288424e-14,1.262163734686237,2.559358483153234e-07,6.505906924303417e-14,6.505906924303417e-14,0.8651026392961877,0.8651026392961877,1e-12,3,0,2,0,1010
success,,O-O_1.26_hgbs-5_as-002-002,hamiltonian_generator/o2_active_space_library/O-O/1.26/hgbs-5/O-O_1.26_hgbs-5_as-002-002.tensors.npz,O-O,1.26,hgbs-5,2,2,4,14,jw_magnitude_descending_lexicographic,final JW Pauli terms ordered by decreasing absolute coefficient magnitude; exact ties broken by ascending dense Pauli-string lexicographic order,85c31226a52f09df,IIZZ,0.15445441026132609,YYXX,-0.00595046259565747,100,0.01,1.0,1400,0.0,,1,0.0009643749945098534,0.00025604100665077567,0.00036299999919719994,0.9999999999999679,3.2085445411667024e-14,6.417089082333405e-14,1.2621637346862373,2.5331974029541016e-07,6.417089082333405e-14,6.417089082333405e-14,0.8475073313782991,0.8475073313782991,1e-12,3,0,2,0,1010
success,,O-O_1.26_hgbs-5_as-002-002,hamiltonian_generator/o2_active_space_library/O-O/1.26/hgbs-5/O-O_1.26_hgbs-5_as-002-002.tensors.npz,O-O,1.26,hgbs-5,2,2,4,14,fermionic_signed_coefficient_lexicographic,"complete Hermitian fermionic terms ordered by ascending signed canonical coefficient, with fermionic lexicographic tie-breaking; final JW Pauli order induced by first occurrence",07025b919f5e40ea,ZIII,0.1246680864172385,XYYX,0.00595046259565747,100,0.01,1.0,1400,0.0,,1,0.0009643749945098534,0.00025604100665077567,0.0003513749979902059,0.9999999999999661,3.3861802251067274e-14,6.772360450213455e-14,1.262163734686237,2.602375924076584e-07,6.794564910705958e-14,6.794564910705958e-14,0.8944281524926686,0.8944281524926686,1e-12,3,0,2,0,1010
success,,O-O_1.26_hgbs-5_as-002-002,hamiltonian_generator/o2_active_space_library/O-O/1.26/hgbs-5/O-O_1.26_hgbs-5_as-002-002.tensors.npz,O-O,1.26,hgbs-5,2,2,4,14,fermionic_magnitude_descending_lexicographic,"complete Hermitian fermionic terms ordered by decreasing absolute canonical coefficient magnitude, with fermionic lexicographic tie-breaking; final JW Pauli order induced by first occurrence",07025b919f5e40ea,ZIII,0.1246680864172385,XYYX,0.00595046259565747,100,0.01,1.0,1400,0.0,,1,0.0009643749945098534,0.00025604100665077567,0.00035937500069849193,0.9999999999999661,3.3861802251067274e-14,6.772360450213455e-14,1.262163734686237,2.602375924076584e-07,6.794564910705958e-14,6.794564910705958e-14,0.8944281524926686,0.8944281524926686,1e-12,3,0,2,0,1010
success,,O-O_1.26_hgbs-5_as-002-004,hamiltonian_generator/o2_active_space_library/O-O/1.26/hgbs-5/O-O_1.26_hgbs-5_as-002-004.tensors.npz,O-O,1.26,hgbs-5,2,4,6,33,jw_raw,OpenFermion/QHAT final JW insertion order,7d4e8d99a6035b60,ZIIIII,0.08077728819554574,IIIIZZ,0.019829567306737392,100,0.01,1.0,3300,5.421010862427522e-20,1.0,3,0.001677167005254887,0.00029433298914227635,0.001188666996313259,0.9999999999999903,9.658940314238862e-15,1.9317880628477724e-14,1.2293573410811836,1.3898877878619456e-07,1.887379141862766e-14,1.887379141862766e-14,1.0,1.0,1e-12,3,0,2,0,101000
success,,O-O_1.26_hgbs-5_as-002-004,hamiltonian_generator/o2_active_space_library/O-O/1.26/hgbs-5/O-O_1.26_hgbs-5_as-002-004.tensors.npz,O-O,1.26,hgbs-5,2,4,6,33,signed_coefficient_lexicographic,final JW Pauli terms ordered by ascending signed coefficient; exact ties broken by ascending dense Pauli-string lexicographic order,42fadc4ed1651a5f,IIIIIZ,-0.030883348978604154,IIZZII,0.15445441026132609,100,0.01,1.0,3300,5.421010862427522e-20,1.0,3,0.001677167005254887,0.00029433298914227635,0.0011001250095432624,0.9999999999999948,5.218048215738236e-15,1.0436096431476471e-14,1.2293573410811824,1.021572142899192e-07,1.021405182655144e-14,1.021405182655144e-14,0.5402298850574713,0.5402298850574713,1e-12,3,0,2,0,101000
success,,O-O_1.26_hgbs-5_as-002-004,hamiltonian_generator/o2_active_space_library/O-O/1.26/hgbs-5/O-O_1.26_hgbs-5_as-002-004.tensors.npz,O-O,1.26,hgbs-5,2,4,6,33,jw_magnitude_descending_lexicographic,final JW Pauli terms ordered by decreasing absolute coefficient magnitude; exact ties broken by ascending dense Pauli-string lexicographic order,fa0d3bfb8be4a249,IIZZII,0.15445441026132609,IIYYXX,-1.2800005936791617e-05,100,0.01,1.0,3300,5.421010862427522e-20,1.0,3,0.001677167005254887,0.00029433298914227635,0.0010719590063672513,0.9999999999999876,1.2434497875801753e-14,2.4868995751603507e-14,1.2293573410811838,1.5769906706002895e-07,2.4646951146678475e-14,2.4646951146678475e-14,1.2873563218390804,1.2873563218390804,1e-12,3,0,2,0,101000
success,,O-O_1.26_hgbs-5_as-002-004,hamiltonian_generator/o2_active_space_library/O-O/1.26/hgbs-5/O-O_1.26_hgbs-5_as-002-004.tensors.npz,O-O,1.26,hgbs-5,2,4,6,33,fermionic_signed_coefficient_lexicographic,"complete Hermitian fermionic terms ordered by ascending signed canonical coefficient, with fermionic lexicographic tie-breaking; final JW Pauli order induced by first occurrence",e63077b8c73a6ed6,ZIIIII,0.08077728819554574,IIXYYX,1.2800005936791617e-05,100,0.01,1.0,3300,5.421010862427522e-20,1.0,3,0.001677167005254887,0.00029433298914227635,0.0010796249989653006,0.9999999999999882,1.176836406102666e-14,2.353672812205332e-14,1.229357341081184,1.5341684432308377e-07,2.3314683517128287e-14,2.3314683517128287e-14,1.2183908045977012,1.2183908045977012,1e-12,3,0,2,0,101000
success,,O-O_1.26_hgbs-5_as-002-004,hamiltonian_generator/o2_active_space_library/O-O/1.26/hgbs-5/O-O_1.26_hgbs-5_as-002-004.tensors.npz,O-O,1.26,hgbs-5,2,4,6,33,fermionic_magnitude_descending_lexicographic,"complete Hermitian fermionic terms ordered by decreasing absolute canonical coefficient magnitude, with fermionic lexicographic tie-breaking; final JW Pauli order induced by first occurrence",e63077b8c73a6ed6,ZIIIII,0.08077728819554574,IIXYYX,1.2800005936791617e-05,100,0.01,1.0,3300,5.421010862427522e-20,1.0,3,0.001677167005254887,0.00029433298914227635,0.001040459013893269,0.9999999999999882,1.176836406102666e-14,2.353672812205332e-14,1.229357341081184,1.5341684432308377e-07,2.3314683517128287e-14,2.3314683517128287e-14,1.2183908045977012,1.2183908045977012,1e-12,3,0,2,0,101000
success,,O-O_1.26_hgbs-5_as-004-004,hamiltonian_generator/o2_active_space_library/O-O/1.26/hgbs-5/O-O_1.26_hgbs-5_as-004-004.tensors.npz,O-O,1.26,hgbs-5,4,4,8,80,jw_raw,OpenFermion/QHAT final JW insertion order,e83e5c9851b4dadd,ZIIIIIII,0.44831017467428014,IIIIIIZZ,0.019829567306737392,100,0.01,1.0,8000,6.606028961102429e-05,1.0,16,0.005630167011986487,0.00029400001221802086,0.005325291000190191,0.9999999999999782,2.1760371282653068e-14,4.3520742565306136e-14,1.503205950192861,2.086162567138672e-07,0.0,0.0,1.0,1.0,1e-12,3,0,3,1,11101000
success,,O-O_1.26_hgbs-5_as-004-004,hamiltonian_generator/o2_active_space_library/O-O/1.26/hgbs-5/O-O_1.26_hgbs-5_as-004-004.tensors.npz,O-O,1.26,hgbs-5,4,4,8,80,signed_coefficient_lexicographic,final JW Pauli terms ordered by ascending signed coefficient; exact ties broken by ascending dense Pauli-string lexicographic order,b52c067b67ef4ff2,XXYYIIII,-0.04404131675717202,ZIIIIIII,0.44831017467428014,100,0.01,1.0,8000,6.606028961102429e-05,1.0,16,0.005630167011986487,0.00029400001221802086,0.005446333001600578,0.9999999999999762,2.375877272697835e-14,4.75175454539567e-14,1.5032059501801114,2.1798519549262216e-07,0.0,0.0,1.0918367346938775,1.0918367346938775,1e-12,3,0,3,1,11101000
success,,O-O_1.26_hgbs-5_as-004-004,hamiltonian_generator/o2_active_space_library/O-O/1.26/hgbs-5/O-O_1.26_hgbs-5_as-004-004.tensors.npz,O-O,1.26,hgbs-5,4,4,8,80,jw_magnitude_descending_lexicographic,final JW Pauli terms ordered by decreasing absolute coefficient magnitude; exact ties broken by ascending dense Pauli-string lexicographic order,10e3d9920df5c317,IZIIIIII,0.44831017467428014,YYIIIIXX,-9.48277801136361e-06,100,0.01,1.0,8000,6.606028961102429e-05,1.0,16,0.005630167011986487,0.00029400001221802086,0.005454666999867186,0.9999999999999791,2.0872192862952943e-14,4.1744385725905886e-14,1.5032059501928607,2.043144285798384e-07,0.0,0.0,0.9591836734693877,0.9591836734693877,1e-12,3,0,3,1,11101000
success,,O-O_1.26_hgbs-5_as-004-004,hamiltonian_generator/o2_active_space_library/O-O/1.26/hgbs-5/O-O_1.26_hgbs-5_as-004-004.tensors.npz,O-O,1.26,hgbs-5,4,4,8,80,fermionic_signed_coefficient_lexicographic,"complete Hermitian fermionic terms ordered by ascending signed canonical coefficient, with fermionic lexicographic tie-breaking; final JW Pauli order induced by first occurrence",e02593ee61e6ba7e,ZIIIIIII,0.44831017467428014,XYIYXIII,-0.02232464146169958,100,0.01,1.0,8000,6.606028961102429e-05,1.0,16,0.005630167011986487,0.00029400001221802086,0.005297707990393974,0.999999999999974,2.5979218776228663e-14,5.1958437552457326e-14,1.5032059501928636,2.2794393510786228e-07,0.0,0.0,1.1938775510204083,1.1938775510204083,1e-12,3,0,3,1,11101000
success,,O-O_1.26_hgbs-5_as-004-004,hamiltonian_generator/o2_active_space_library/O-O/1.26/hgbs-5/O-O_1.26_hgbs-5_as-004-004.tensors.npz,O-O,1.26,hgbs-5,4,4,8,80,fermionic_magnitude_descending_lexicographic,"complete Hermitian fermionic terms ordered by decreasing absolute canonical coefficient magnitude, with fermionic lexicographic tie-breaking; final JW Pauli order induced by first occurrence",dde05dc46de2f254,ZIIIIIII,0.44831017467428014,XYIIIIYX,9.48277801136361e-06,100,0.01,1.0,8000,6.606028961102429e-05,1.0,16,0.005630167011986487,0.00029400001221802086,0.005414042010670528,0.9999999999999746,2.5424107263916085e-14,5.084821452783217e-14,1.5032059501928627,2.2549548671277697e-07,0.0,0.0,1.1683673469387754,1.1683673469387754,1e-12,3,0,3,1,11101000
success,,O-O_1.26_hgbs-5_as-004-006,hamiltonian_generator/o2_active_space_library/O-O/1.26/hgbs-5/O-O_1.26_hgbs-5_as-004-006.tensors.npz,O-O,1.26,hgbs-5,4,6,10,227,jw_raw,OpenFermion/QHAT final JW insertion order,65582601357f2b71,ZIIIIIIIII,0.4020754804703668,IIIIIIIIZZ,0.02128987027429628,100,0.01,1.0,22700,0.008394599744890907,1.0,50,0.01936550000391435,0.000304959001368843,0.047776457999134436,0.999999999171689,8.283109753648432e-10,1.6566219507296864e-09,1.5172957704769328,4.070162098405525e-05,0.0,0.0,1.0,1.0,1e-12,3,0,3,1,1110100000
success,,O-O_1.26_hgbs-5_as-004-006,hamiltonian_generator/o2_active_space_library/O-O/1.26/hgbs-5/O-O_1.26_hgbs-5_as-004-006.tensors.npz,O-O,1.26,hgbs-5,4,6,10,227,signed_coefficient_lexicographic,final JW Pauli terms ordered by ascending signed coefficient; exact ties broken by ascending dense Pauli-string lexicographic order,439b826b32b728a0,XXYYIIIIII,-0.04404131675717202,ZIIIIIIIII,0.4020754804703668,100,0.01,1.0,22700,0.003499610861606634,0.17379589885362845,50,0.01936550000391435,0.000304959001368843,0.04762174999632407,0.9999999998567064,1.4329359920850493e-10,2.8658719841700986e-10,1.5172956476580073,1.6928886508480405e-05,0.0,6.484590642230614e-12,0.17299493000848976,0.17299493000848976,1e-12,3,0,3,1,1110100000
success,,O-O_1.26_hgbs-5_as-004-006,hamiltonian_generator/o2_active_space_library/O-O/1.26/hgbs-5/O-O_1.26_hgbs-5_as-004-006.tensors.npz,O-O,1.26,hgbs-5,4,6,10,227,jw_magnitude_descending_lexicographic,final JW Pauli terms ordered by decreasing absolute coefficient magnitude; exact ties broken by ascending dense Pauli-string lexicographic order,6b1bf9520302ee12,IZIIIIIIII,0.4020754804703668,YZZZZZZIYI,6.861747479312634e-06,100,0.01,1.0,22700,0.005188654476357452,0.3820405965695962,50,0.01936550000391435,0.000304959001368843,0.0475347080064239,0.9999999996870121,3.1298785785338623e-10,6.259757157067725e-10,1.517295801375019,2.5019506703905504e-05,5.995204332975845e-15,5.995204332975845e-15,0.3778627437787186,0.3778627437787186,1e-12,3,0,3,1,1110100000
success,,O-O_1.26_hgbs-5_as-004-006,hamiltonian_generator/o2_active_space_library/O-O/1.26/hgbs-5/O-O_1.26_hgbs-5_as-004-006.tensors.npz,O-O,1.26,hgbs-5,4,6,10,227,fermionic_signed_coefficient_lexicographic,"complete Hermitian fermionic terms ordered by ascending signed canonical coefficient, with fermionic lexicographic tie-breaking; final JW Pauli order induced by first occurrence",4ce70083a0168cc8,ZIIIIIIIII,0.4020754804703668,XYIYXIIIII,-0.02232464146169958,100,0.01,1.0,22700,0.004161029496571507,0.24569798867149364,50,0.01936550000391435,0.000304959001368843,0.047653125002398156,0.9999999997985666,2.0143342549516774e-10,4.028668509903355e-10,1.5172957836804732,2.007154331361531e-05,0.0,0.0,0.24318574965935114,0.24318574965935114,1e-12,3,0,3,1,1110100000
success,,O-O_1.26_hgbs-5_as-004-006,hamiltonian_generator/o2_active_space_library/O-O/1.26/hgbs-5/O-O_1.26_hgbs-5_as-004-006.tensors.npz,O-O,1.26,hgbs-5,4,6,10,227,fermionic_magnitude_descending_lexicographic,"complete Hermitian fermionic terms ordered by decreasing absolute canonical coefficient magnitude, with fermionic lexicographic tie-breaking; final JW Pauli order induced by first occurrence",c2a7abad3832f3d2,ZIIIIIIIII,0.4020754804703668,XZZZZZZIXI,6.861747479312634e-06,100,0.01,1.0,22700,0.005183359368822796,0.38126123697811054,50,0.01936550000391435,0.000304959001368843,0.04756716699921526,0.9999999996875661,3.124338565640983e-10,6.248677131281966e-10,1.5172958013293978,2.4997354122550583e-05,0.0,0.0,0.37719391129217095,0.37719391129217095,1e-12,3,0,3,1,1110100000
success,,O-O_1.26_hgbs-5_as-004-008,hamiltonian_generator/o2_active_space_library/O-O/1.26/hgbs-5/O-O_1.26_hgbs-5_as-004-008.tensors.npz,O-O,1.26,hgbs-5,4,8,12,502,jw_raw,OpenFermion/QHAT final JW insertion order,13ec1e73deaa61c1,ZIIIIIIIIIII,0.35598094551391946,IIIIIIIIIIZZ,0.02128987027429827,100,0.01,1.0,50200,0.008846122426163302,1.0,120,0.054440833991975524,0.0003704999980982393,0.4060719999979483,0.9999999990819556,9.180444182632641e-10,1.8360888365265282e-09,1.5760095690431466,4.2849607192208055e-05,0.0,0.0,1.0,1.0,1e-12,3,0,3,1,111010000000
success,,O-O_1.26_hgbs-5_as-004-008,hamiltonian_generator/o2_active_space_library/O-O/1.26/hgbs-5/O-O_1.26_hgbs-5_as-004-008.tensors.npz,O-O,1.26,hgbs-5,4,8,12,502,signed_coefficient_lexicographic,final JW Pauli terms ordered by ascending signed coefficient; exact ties broken by ascending dense Pauli-string lexicographic order,0c955620a44c9205,IIIIIIIIIIZI,-0.05697121106456339,ZIIIIIIIIIII,0.35598094551391946,100,0.01,1.0,50200,0.003633320242734159,0.16869471076029405,120,0.054440833991975524,0.0003704999980982393,0.3948824590042932,0.9999999998450152,1.5498480276932014e-10,3.099696055386403e-10,1.5760094043144233,1.760595369579962e-05,0.0,9.145351143047264e-12,0.1688205926490103,0.1688205926490103,1e-12,3,0,3,1,111010000000
success,,O-O_1.26_hgbs-5_as-004-008,hamiltonian_generator/o2_active_space_library/O-O/1.26/hgbs-5/O-O_1.26_hgbs-5_as-004-008.tensors.npz,O-O,1.26,hgbs-5,4,8,12,502,jw_magnitude_descending_lexicographic,final JW Pauli terms ordered by decreasing absolute coefficient magnitude; exact ties broken by ascending dense Pauli-string lexicographic order,3a70d652503ad71e,IZIIIIIIIIII,0.35598094551391946,YZZZZZZIZZYI,3.5161604950941166e-06,100,0.01,1.0,50200,0.006422800913200388,0.5271607047156132,120,0.054440833991975524,0.0003704999980982393,0.39506391699251253,0.9999999995186271,4.813729415076295e-10,9.62745883015259e-10,1.5760096186333703,3.102814662552791e-05,0.0,0.0,0.524346025019443,0.524346025019443,1e-12,3,0,3,1,111010000000
success,,O-O_1.26_hgbs-5_as-004-008,hamiltonian_generator/o2_active_space_library/O-O/1.26/hgbs-5/O-O_1.26_hgbs-5_as-004-008.tensors.npz,O-O,1.26,hgbs-5,4,8,12,502,fermionic_signed_coefficient_lexicographic,"complete Hermitian fermionic terms ordered by ascending signed canonical coefficient, with fermionic lexicographic tie-breaking; final JW Pauli order induced by first occurrence",3ddec2eb1c272cb9,ZIIIIIIIIIII,0.35598094551391946,XYIYXIIIIIII,-0.02232464146169958,100,0.01,1.0,50200,0.005780597206861454,0.4270114558288993,120,0.054440833991975524,0.0003704999980982393,0.3942304999945918,0.9999999996092998,3.907002499303758e-10,7.814004998607516e-10,1.5760096044871268,2.795354181245646e-05,0.0,0.0,0.4255788087786578,0.4255788087786578,1e-12,3,0,3,1,111010000000
success,,O-O_1.26_hgbs-5_as-004-008,hamiltonian_generator/o2_active_space_library/O-O/1.26/hgbs-5/O-O_1.26_hgbs-5_as-004-008.tensors.npz,O-O,1.26,hgbs-5,4,8,12,502,fermionic_magnitude_descending_lexicographic,"complete Hermitian fermionic terms ordered by decreasing absolute canonical coefficient magnitude, with fermionic lexicographic tie-breaking; final JW Pauli order induced by first occurrence",e5e801a5329a5c87,ZIIIIIIIIIII,0.35598094551391946,XZZZZZZIZZXI,3.5161604950941166e-06,100,0.01,1.0,50200,0.006417309312671672,0.526259627934216,120,0.054440833991975524,0.0003704999980982393,0.394085374995484,0.9999999995192874,4.807125808525825e-10,9.61425161705165e-10,1.5760096185868435,3.100685668856431e-05,0.0,0.0,0.5236267127052346,0.5236267127052346,1e-12,3,0,3,1,111010000000
success,,O-O_1.26_hgbs-5_as-006-008,hamiltonian_generator/o2_active_space_library/O-O/1.26/hgbs-5/O-O_1.26_hgbs-5_as-006-008.tensors.npz,O-O,1.26,hgbs-5,6,8,14,1001,jw_raw,OpenFermion/QHAT final JW insertion order,3a137abc086ad301,ZIIIIIIIIIIIII,0.6197108934388074,IIIIIIIIIIIIZZ,0.02128987027429827,100,0.01,1.0,100100,0.03540378171442373,1.0,735,0.5178575409954647,0.0011713749991031364,3.2642493340099463,0.999999985010481,1.4989518959396264e-08,2.997903769674792e-08,1.9988240707487195,0.00017314455786651952,0.0,0.0,1.0,1.0,1e-12,3,0,4,2,11111010000000
success,,O-O_1.26_hgbs-5_as-006-008,hamiltonian_generator/o2_active_space_library/O-O/1.26/hgbs-5/O-O_1.26_hgbs-5_as-006-008.tensors.npz,O-O,1.26,hgbs-5,6,8,14,1001,signed_coefficient_lexicographic,final JW Pauli terms ordered by ascending signed coefficient; exact ties broken by ascending dense Pauli-string lexicographic order,44265f2a0a8439c3,IIXXYYIIIIIIII,-0.04404131675717202,IIIZIIIIIIIIII,0.6197108934388081,100,0.01,1.0,100100,0.10437199279355061,8.69097783701217,735,0.5178575409954647,0.0011713749991031364,3.2283864170021843,0.9999998970566281,1.0294337193794689e-07,2.0588673332877505e-07,1.9988218703723861,0.00045374744503511396,7.005578339658314e-10,7.387795930569041e-10,6.867690165161455,6.867689864211663,1e-12,3,0,4,2,11111010000000
success,,O-O_1.26_hgbs-5_as-006-008,hamiltonian_generator/o2_active_space_library/O-O/1.26/hgbs-5/O-O_1.26_hgbs-5_as-006-008.tensors.npz,O-O,1.26,hgbs-5,6,8,14,1001,jw_magnitude_descending_lexicographic,final JW Pauli terms ordered by decreasing absolute coefficient magnitude; exact ties broken by ascending dense Pauli-string lexicographic order,62f4e5f45a63cc8d,IIIZIIIIIIIIII,0.6197108934388081,YZZZZZZZZIYIII,-3.516160495094105e-06,100,0.01,1.0,100100,0.10458464018966286,8.726427892718224,735,0.5178575409954647,0.0011713749991031364,3.2182399580051424,0.999999896502611,1.034973889924018e-07,2.0699476732666255e-07,1.9988271041261099,0.00045496678778214524,6.953131403975021e-10,6.953130293751997e-10,6.904650460949174,6.904650156569803,1e-12,3,0,4,2,11111010000000
success,,O-O_1.26_hgbs-5_as-006-008,hamiltonian_generator/o2_active_space_library/O-O/1.26/hgbs-5/O-O_1.26_hgbs-5_as-006-008.tensors.npz,O-O,1.26,hgbs-5,6,8,14,1001,fermionic_signed_coefficient_lexicographic,"complete Hermitian fermionic terms ordered by ascending signed canonical coefficient, with fermionic lexicographic tie-breaking; final JW Pauli order induced by first occurrence",1e29fd770e4e4231,IIZIIIIIIIIIII,0.6197108934388079,IIXYIYXIIIIIII,-0.02232464146169958,100,0.01,1.0,100100,0.09376203163340693,7.013821505158336,735,0.5178575409954647,0.0011713749991031364,3.2201993749913527,0.9999998968691278,1.0313087217550532e-07,2.062617336928696e-07,1.9988271067930168,0.0004541604830354691,0.0,0.0,6.880198921317429,6.880198616756952,1e-12,3,0,4,2,11111010000000
success,,O-O_1.26_hgbs-5_as-006-008,hamiltonian_generator/o2_active_space_library/O-O/1.26/hgbs-5/O-O_1.26_hgbs-5_as-006-008.tensors.npz,O-O,1.26,hgbs-5,6,8,14,1001,fermionic_magnitude_descending_lexicographic,"complete Hermitian fermionic terms ordered by decreasing absolute canonical coefficient magnitude, with fermionic lexicographic tie-breaking; final JW Pauli order induced by first occurrence",f825326876e9fc5f,IIZIIIIIIIIIII,0.6197108934388079,XZZZZZZZZIXIII,-3.516160495094105e-06,100,0.01,1.0,100100,0.0937789515530613,7.016353105677714,735,0.5178575409954647,0.0011713749991031364,3.226129957998637,0.9999998968526551,1.0314734488758859e-07,2.0629467911703614e-07,1.9988271055896483,0.00045419675227281975,0.0,0.0,6.881297869998029,6.881297565445693,1e-12,3,0,4,2,11111010000000
success,,O-O_1.26_hgbs-5_as-006-010,hamiltonian_generator/o2_active_space_library/O-O/1.26/hgbs-5/O-O_1.26_hgbs-5_as-006-010.tensors.npz,O-O,1.26,hgbs-5,6,10,16,1832,jw_raw,OpenFermion/QHAT final JW insertion order,e929ee70fc5a28da,ZIIIIIIIIIIIIIII,0.580270333654662,IIIIIIIIIIIIIIZZ,0.018684289222276447,100,0.01,1.0,183200,0.033384326331591885,1.0,1960,1.9474672910000663,0.004101584010641091,22.62024458400265,0.9999999866774407,1.3322559277995083e-08,2.664511833394556e-08,1.9998279956955376,0.00016323332550674253,0.0,0.0,1.0,1.0,1e-12,3,0,4,2,1111101000000000
success,,O-O_1.26_hgbs-5_as-006-010,hamiltonian_generator/o2_active_space_library/O-O/1.26/hgbs-5/O-O_1.26_hgbs-5_as-006-010.tensors.npz,O-O,1.26,hgbs-5,6,10,16,1832,signed_coefficient_lexicographic,final JW Pauli terms ordered by ascending signed coefficient; exact ties broken by ascending dense Pauli-string lexicographic order,6c246631c505191b,IIIIIIIIIIIIIIIZ,-0.05675040695551255,IIIZIIIIIIIIIIII,0.5802884015926382,100,0.01,1.0,183200,0.11093648440971403,11.042402261847206,1960,1.9474672910000663,0.004101584010641091,22.714383291997365,0.9999998969221575,1.030778424837564e-07,2.0615567430937176e-07,1.999828774466447,0.00045404370380780837,1.1667239396828677e-09,1.2085911160752971e-09,7.737090174108696,7.737089838581498,1e-12,3,0,4,2,1111101000000000
success,,O-O_1.26_hgbs-5_as-006-010,hamiltonian_generator/o2_active_space_library/O-O/1.26/hgbs-5/O-O_1.26_hgbs-5_as-006-010.tensors.npz,O-O,1.26,hgbs-5,6,10,16,1832,jw_magnitude_descending_lexicographic,final JW Pauli terms ordered by decreasing absolute coefficient magnitude; exact ties broken by ascending dense Pauli-string lexicographic order,92567a2374082f7c,IIIZIIIIIIIIIIII,0.5802884015926382,IIIIYZZZZIZZZZYI,-1.2209285401354626e-07,100,0.01,1.0,183200,0.11123640325711047,11.10218965038994,1960,1.9474672910000663,0.004101584010641091,22.535084166986053,0.9999998961231176,1.03876882429077e-07,2.0775375408899066e-07,1.9998267702752763,0.00045580013696592284,1.1571813507416095e-09,1.157181239719307e-09,7.797066634235271,7.797066295041177,1e-12,3,0,4,2,1111101000000000
success,,O-O_1.26_hgbs-5_as-006-010,hamiltonian_generator/o2_active_space_library/O-O/1.26/hgbs-5/O-O_1.26_hgbs-5_as-006-010.tensors.npz,O-O,1.26,hgbs-5,6,10,16,1832,fermionic_signed_coefficient_lexicographic,"complete Hermitian fermionic terms ordered by ascending signed canonical coefficient, with fermionic lexicographic tie-breaking; final JW Pauli order induced by first occurrence",f749d47bbd1c992b,IIZIIIIIIIIIIIII,0.580288401592638,IIXYIYXIIIIIIIII,-0.02232464146169958,100,0.01,1.0,183200,0.09383276871341789,7.899940648505635,1960,1.9474672910000663,0.004101584010641091,22.482382375004818,0.9999998967246826,1.0327531740905727e-07,2.065506241599735e-07,1.9998267695338294,0.00045447842062975284,0.0,0.0,7.751912770967172,7.751912435563496,1e-12,3,0,4,2,1111101000000000
success,,O-O_1.26_hgbs-5_as-006-010,hamiltonian_generator/o2_active_space_library/O-O/1.26/hgbs-5/O-O_1.26_hgbs-5_as-006-010.tensors.npz,O-O,1.26,hgbs-5,6,10,16,1832,fermionic_magnitude_descending_lexicographic,"complete Hermitian fermionic terms ordered by decreasing absolute canonical coefficient magnitude, with fermionic lexicographic tie-breaking; final JW Pauli order induced by first occurrence",c072ba75c650a1a0,IIZIIIIIIIIIIIII,0.580288401592638,IIIIXZZZZIZZZZXI,-1.2209285401354626e-07,100,0.01,1.0,183200,0.09385579238412659,7.903817928248502,1960,1.9474672910000663,0.004101584010641091,22.40793049999047,0.9999998966949271,1.0330507294042945e-07,2.0661013522271787e-07,1.9998267699235515,0.0004545438877389717,0.0,0.0,7.75414624058448,7.754145905199416,1e-12,3,0,4,2,1111101000000000
success,,O-O_1.26_hgbs-5_as-008-010,hamiltonian_generator/o2_active_space_library/O-O/1.26/hgbs-5/O-O_1.26_hgbs-5_as-008-010.tensors.npz,O-O,1.26,hgbs-5,8,10,18,2427,jw_raw,OpenFermion/QHAT final JW insertion order,aed190ab798ae8fc,ZIIIIIIIIIIIIIIIII,0.8604325229775907,IIIIIIIIIIIIIIIIZZ,0.018684289222276447,100,0.01,1.0,242700,0.06476046512367344,1.0,10584,17.808321542004705,0.035383207999984734,43.67837537499145,0.9999999496831762,5.031682381861913e-08,1.006336450837253e-07,1.9215582968212521,0.0003172280688041937,0.0,0.0,1.0,1.0,1e-12,3,0,5,3,111111101000000000
success,,O-O_1.26_hgbs-5_as-008-010,hamiltonian_generator/o2_active_space_library/O-O/1.26/hgbs-5/O-O_1.26_hgbs-5_as-008-010.tensors.npz,O-O,1.26,hgbs-5,8,10,18,2427,signed_coefficient_lexicographic,final JW Pauli terms ordered by ascending signed coefficient; exact ties broken by ascending dense Pauli-string lexicographic order,6ecce5e848c0a03e,IIIIXXYYIIIIIIIIII,-0.04404131675717202,ZIIIIIIIIIIIIIIIII,0.8604325229775907,100,0.01,1.0,242700,0.11111138849571985,2.943724964462819,10584,17.808321542004705,0.035383207999984734,43.64447954201023,0.999999896570174,1.0342982603717132e-07,2.068596414162016e-07,1.921540785833481,0.0004548182626877934,1.1701681845721623e-09,1.2255654269210936e-09,2.0555714408765677,2.0555713871250343,1e-12,3,0,5,3,111111101000000000
success,,O-O_1.26_hgbs-5_as-008-010,hamiltonian_generator/o2_active_space_library/O-O/1.26/hgbs-5/O-O_1.26_hgbs-5_as-008-010.tensors.npz,O-O,1.26,hgbs-5,8,10,18,2427,jw_magnitude_descending_lexicographic,final JW Pauli terms ordered by decreasing absolute coefficient magnitude; exact ties broken by ascending dense Pauli-string lexicographic order,e51ccfa169938626,ZIIIIIIIIIIIIIIIII,0.8604325229775907,IIIIIIYZZZZIZZZZYI,-1.2209285401354626e-07,100,0.01,1.0,242700,0.11125586156257174,2.9513851237186084,10584,17.808321542004705,0.035383207999984734,43.95511945900216,0.9999998960745221,1.0392547789006557e-07,2.078509450109678e-07,1.921583170305673,0.0004559067402223081,1.16305187702892e-09,1.1630519880512225e-09,2.065422059720892,2.0654220051160794,1e-12,3,0,5,3,111111101000000000
success,,O-O_1.26_hgbs-5_as-008-010,hamiltonian_generator/o2_active_space_library/O-O/1.26/hgbs-5/O-O_1.26_hgbs-5_as-008-010.tensors.npz,O-O,1.26,hgbs-5,8,10,18,2427,fermionic_signed_coefficient_lexicographic,"complete Hermitian fermionic terms ordered by ascending signed canonical coefficient, with fermionic lexicographic tie-breaking; final JW Pauli order induced by first occurrence",cd894bf1afc07957,ZIIIIIIIIIIIIIIIII,0.8604325229775907,IIIIXYIYXIIIIIIIII,-0.02232464146169958,100,0.01,1.0,242700,0.09395820449314,2.1049873941228854,10584,17.808321542004705,0.035383207999984734,43.792134165996686,0.9999998964550899,1.0354491009056943e-07,2.0708980941197552e-07,1.9215832173637994,0.0004550712253934969,0.0,0.0,2.057858629229572,2.057858574432842,1e-12,3,0,5,3,111111101000000000
success,,O-O_1.26_hgbs-5_as-008-010,hamiltonian_generator/o2_active_space_library/O-O/1.26/hgbs-5/O-O_1.26_hgbs-5_as-008-010.tensors.npz,O-O,1.26,hgbs-5,8,10,18,2427,fermionic_magnitude_descending_lexicographic,"complete Hermitian fermionic terms ordered by decreasing absolute canonical coefficient magnitude, with fermionic lexicographic tie-breaking; final JW Pauli order induced by first occurrence",b466f1dff01289a9,ZIIIIIIIIIIIIIIIII,0.8604325229775907,IIIIIIXZZZZIZZZZXI,-1.2209285401354626e-07,100,0.01,1.0,242700,0.09386963444347353,2.1010207162703396,10584,17.808321542004705,0.035383207999984734,44.372991791009554,0.9999998966683067,1.033316933130024e-07,2.0666337596786377e-07,1.9215831837317097,0.0004546024489881294,0.0,0.0,2.0536211444007275,2.053621090599707,1e-12,3,0,5,3,111111101000000000
success,,O-O_1.26_hgbs-5_as-008-012,hamiltonian_generator/o2_active_space_library/O-O/1.26/hgbs-5/O-O_1.26_hgbs-5_as-008-012.tensors.npz,O-O,1.26,hgbs-5,8,12,20,3838,jw_raw,OpenFermion/QHAT final JW insertion order,31002f951d137991,ZIIIIIIIIIIIIIIIIIII,0.8209118438102584,IIIIIIIIIIIIIIIIIIZZ,0.018684289222308685,100,0.01,1.0,383800,0.060976801987522665,1.0,30240,72.60930033298791,0.20319779199780896,137.17354795799474,0.9999999553719479,4.462805214267007e-08,8.92561022869387e-08,1.9421882963220172,0.00029875760121767636,0.0,0.0,1.0,1.0,1e-12,3,0,5,3,11111110100000000000
success,,O-O_1.26_hgbs-5_as-008-012,hamiltonian_generator/o2_active_space_library/O-O/1.26/hgbs-5/O-O_1.26_hgbs-5_as-008-012.tensors.npz,O-O,1.26,hgbs-5,8,12,20,3838,signed_coefficient_lexicographic,final JW Pauli terms ordered by ascending signed coefficient; exact ties broken by ascending dense Pauli-string lexicographic order,2ab2de71fa3cf228,IIIIIIIIIIIIIIIIIZII,-0.04931654258822932,ZIIIIIIIIIIIIIIIIIII,0.8209118438102584,100,0.01,1.0,383800,0.11881892857338651,3.797012062947022,30240,72.60930033298791,0.20319779199780896,139.56398016700405,0.9999998963902742,1.0360972579892547e-07,2.072194408286876e-07,1.9421732155386864,0.0004552136329217864,1.765316337554168e-09,1.8227208631316216e-09,2.321627783970913,2.3216277152964038,1e-12,3,0,5,3,11111110100000000000
success,,O-O_1.26_hgbs-5_as-008-012,hamiltonian_generator/o2_active_space_library/O-O/1.26/hgbs-5/O-O_1.26_hgbs-5_as-008-012.tensors.npz,O-O,1.26,hgbs-5,8,12,20,3838,jw_magnitude_descending_lexicographic,final JW Pauli terms ordered by decreasing absolute coefficient magnitude; exact ties broken by ascending dense Pauli-string lexicographic order,43916f81a52423f7,ZIIIIIIIIIIIIIIIIIII,0.8209118438102584,IIIIIIYZZZZIZZZZYIII,-1.2209285401354626e-07,100,0.01,1.0,383800,0.11904602873854764,3.8115404910613075,30240,72.60930033298791,0.20319779199780896,140.60763108301035,0.9999998956513185,1.0434868147335408e-07,2.086973520665225e-07,1.942209704423758,0.00045683406500249973,1.745904532057807e-09,1.7459046430801095e-09,2.3381858822734394,2.3381858127257957,1e-12,3,0,5,3,11111110100000000000
success,,O-O_1.26_hgbs-5_as-008-012,hamiltonian_generator/o2_active_space_library/O-O/1.26/hgbs-5/O-O_1.26_hgbs-5_as-008-012.tensors.npz,O-O,1.26,hgbs-5,8,12,20,3838,fermionic_signed_coefficient_lexicographic,"complete Hermitian fermionic terms ordered by ascending signed canonical coefficient, with fermionic lexicographic tie-breaking; final JW Pauli order induced by first occurrence",66e3ac65fab58db3,ZIIIIIIIIIIIIIIIIIII,0.8209118438102584,IIIIXYIYXIIIIIIIIIII,-0.02232464146169958,100,0.01,1.0,383800,0.0940182802965874,2.3773620154653914,30240,72.60930033298791,0.20319779199780896,141.86331958300434,0.9999998963332443,1.0366675573525441e-07,2.0733350070134549e-07,1.942209744242614,0.00045533889738359583,0.0,0.0,2.3229056783353506,2.3229056096894527,1e-12,3,0,5,3,11111110100000000000
success,,O-O_1.26_hgbs-5_as-008-012,hamiltonian_generator/o2_active_space_library/O-O/1.26/hgbs-5/O-O_1.26_hgbs-5_as-008-012.tensors.npz,O-O,1.26,hgbs-5,8,12,20,3838,fermionic_magnitude_descending_lexicographic,"complete Hermitian fermionic terms ordered by decreasing absolute canonical coefficient magnitude, with fermionic lexicographic tie-breaking; final JW Pauli order induced by first occurrence",bd3c0c52973d388a,ZIIIIIIIIIIIIIIIIIII,0.8209118438102584,IIIIIIXZZZZIZZZZXIII,-1.2209285401354626e-07,100,0.01,1.0,383800,0.09394912262414734,2.3738658367673047,30240,72.60930033298791,0.20319779199780896,144.6502088749985,0.9999998965048547,1.0349514534269133e-07,2.0699028002724162e-07,1.942209718662585,0.0004549618562971875,0.0,0.0,2.319060330301462,2.319060262813331,1e-12,3,0,5,3,11111110100000000000
success,,O-O_1.26_sto-6g_as-002-004,hamiltonian_generator/o2_active_space_library/O-O/1.26/sto-6g/O-O_1.26_sto-6g_as-002-004.tensors.npz,O-O,1.26,sto-6g,2,4,6,33,jw_raw,OpenFermion/QHAT final JW insertion order,7d4e8d99a6035b60,ZIIIII,-0.2646857545475661,IIIIZZ,0.19381962207866354,100,0.01,1.0,3300,4.336808689942018e-19,1.0,3,0.002118792006513104,0.00028412500978447497,0.0013845840003341436,0.9999999999999585,4.1522341120980855e-14,8.304468224196171e-14,0.27333266663418965,2.8817474254688197e-07,8.260059303211165e-14,8.260059303211165e-14,1.0,1.0,1e-12,3,0,2,0,101000
success,,O-O_1.26_sto-6g_as-002-004,hamiltonian_generator/o2_active_space_library/O-O/1.26/sto-6g/O-O_1.26_sto-6g_as-002-004.tensors.npz,O-O,1.26,sto-6g,2,4,6,33,signed_coefficient_lexicographic,final JW Pauli terms ordered by ascending signed coefficient; exact ties broken by ascending dense Pauli-string lexicographic order,5a8d34ad89c7f175,IIIIIZ,-0.5081013355018287,IIIIZZ,0.19381962207866354,100,0.01,1.0,3300,4.336808689942018e-19,1.0,3,0.002118792006513104,0.00028412500978447497,0.001407084011589177,0.9999999999999577,4.2299497238218464e-14,8.459899447643693e-14,0.2733326666341966,2.908590629092326e-07,8.43769498715119e-14,8.43769498715119e-14,1.018716577540107,1.018716577540107,1e-12,3,0,2,0,101000
success,,O-O_1.26_sto-6g_as-002-004,hamiltonian_generator/o2_active_space_library/O-O/1.26/sto-6g/O-O_1.26_sto-6g_as-002-004.tensors.npz,O-O,1.26,sto-6g,2,4,6,33,jw_magnitude_descending_lexicographic,final JW Pauli terms ordered by decreasing absolute coefficient magnitude; exact ties broken by ascending dense Pauli-string lexicographic order,36a1e3f5702b74c6,IIIIIZ,-0.5081013355018287,YYXXII,-0.006685095259062626,100,0.01,1.0,3300,4.336808689942018e-19,1.0,3,0.002118792006513104,0.00028412500978447497,0.0015027499903226271,0.9999999999999575,4.2521541843143495e-14,8.504308368628699e-14,0.27333266663419453,2.916214732942123e-07,8.482103908136196e-14,8.482103908136196e-14,1.0240641711229947,1.0240641711229947,1e-12,3,0,2,0,101000
success,,O-O_1.26_sto-6g_as-002-004,hamiltonian_generator/o2_active_space_library/O-O/1.26/sto-6g/O-O_1.26_sto-6g_as-002-004.tensors.npz,O-O,1.26,sto-6g,2,4,6,33,fermionic_signed_coefficient_lexicographic,"complete Hermitian fermionic terms ordered by ascending signed canonical coefficient, with fermionic lexicographic tie-breaking; final JW Pauli order induced by first occurrence",ce77f482c8177c33,IIZIII,-0.2646857545475656,XYYXII,0.006685095259062626,100,0.01,1.0,3300,4.336808689942018e-19,1.0,3,0.002118792006513104,0.00028412500978447497,0.0016207500011660159,0.9999999999999574,4.263256414560601e-14,8.526512829121202e-14,0.27333266663419375,2.9200193199910854e-07,8.504308368628699e-14,8.504308368628699e-14,1.0267379679144386,1.0267379679144386,1e-12,3,0,2,0,101000
success,,O-O_1.26_sto-6g_as-002-004,hamiltonian_generator/o2_active_space_library/O-O/1.26/sto-6g/O-O_1.26_sto-6g_as-002-004.tensors.npz,O-O,1.26,sto-6g,2,4,6,33,fermionic_magnitude_descending_lexicographic,"complete Hermitian fermionic terms ordered by decreasing absolute canonical coefficient magnitude, with fermionic lexicographic tie-breaking; final JW Pauli order induced by first occurrence",ce77f482c8177c33,IIZIII,-0.2646857545475656,XYYXII,0.006685095259062626,100,0.01,1.0,3300,4.336808689942018e-19,1.0,3,0.002118792006513104,0.00028412500978447497,0.0014768330001970753,0.9999999999999574,4.263256414560601e-14,8.526512829121202e-14,0.27333266663419375,2.9200193199910854e-07,8.504308368628699e-14,8.504308368628699e-14,1.0267379679144386,1.0267379679144386,1e-12,3,0,2,0,101000
success,,O-O_1.26_sto-6g_as-004-004,hamiltonian_generator/o2_active_space_library/O-O/1.26/sto-6g/O-O_1.26_sto-6g_as-004-004.tensors.npz,O-O,1.26,sto-6g,4,4,8,80,jw_raw,OpenFermion/QHAT final JW insertion order,e83e5c9851b4dadd,ZIIIIIII,0.12273903356938745,IIIIIIZZ,0.19381962207866354,100,0.01,1.0,8000,0.0411221216759486,1.0,16,0.006773583998437971,0.0003239999932702631,0.006292083999142051,0.999999981587876,1.841212404762871e-08,3.682424776219051e-08,1.783490300870997,0.00019189645149209357,1.255662240851052e-13,1.255662240851052e-13,1.0,1.0,1e-12,3,0,3,1,11101000
success,,O-O_1.26_sto-6g_as-004-004,hamiltonian_generator/o2_active_space_library/O-O/1.26/sto-6g/O-O_1.26_sto-6g_as-004-004.tensors.npz,O-O,1.26,sto-6g,4,4,8,80,signed_coefficient_lexicographic,final JW Pauli terms ordered by ascending signed coefficient; exact ties broken by ascending dense Pauli-string lexicographic order,a806e3ea43fe2ce9,IIIIIIIZ,-0.19537967595459008,IIIIIIZZ,0.19381962207866354,100,0.01,1.0,8000,0.009390008337620962,0.05214118874195716,16,0.006773583998437971,0.0003239999932702631,0.006357791004120372,0.9999999990398658,9.601341943721309e-10,1.9202683887442618e-09,1.7834882837092894,4.382086704692482e-05,1.2945200467129325e-13,1.2945200467129325e-13,0.05214684584399084,0.052146846315647144,1e-12,3,0,3,1,11101000
success,,O-O_1.26_sto-6g_as-004-004,hamiltonian_generator/o2_active_space_library/O-O/1.26/sto-6g/O-O_1.26_sto-6g_as-004-004.tensors.npz,O-O,1.26,sto-6g,4,4,8,80,jw_magnitude_descending_lexicographic,final JW Pauli terms ordered by decreasing absolute coefficient magnitude; exact ties broken by ascending dense Pauli-string lexicographic order,9d148c9d4e68fdf3,IIIIIIIZ,-0.19537967595459008,ZIIYZYII,-0.0023107237320522424,100,0.01,1.0,8000,0.0411221216759486,1.0,16,0.006773583998437971,0.0003239999932702631,0.006170624998048879,0.9999999815878835,1.841211649811214e-08,3.6824232663157375e-08,1.783490300871003,0.00019189641215047322,1.1024514634527804e-13,1.1024514634527804e-13,0.9999995899703615,0.9999995899703578,1e-12,3,0,3,1,11101000
success,,O-O_1.26_sto-6g_as-004-004,hamiltonian_generator/o2_active_space_library/O-O/1.26/sto-6g/O-O_1.26_sto-6g_as-004-004.tensors.npz,O-O,1.26,sto-6g,4,4,8,80,fermionic_signed_coefficient_lexicographic,"complete Hermitian fermionic terms ordered by ascending signed canonical coefficient, with fermionic lexicographic tie-breaking; final JW Pauli order induced by first occurrence",2a455b96e3836186,ZIIIIIII,0.12273903356938745,XYIYXIII,-0.010641098857080955,100,0.01,1.0,8000,0.0411221216759486,1.0,16,0.006773583998437971,0.0003239999932702631,0.0060980830021435395,0.9999999815878832,1.841211683117905e-08,3.682423332929119e-08,1.783490300871002,0.0001918964138861331,1.1091128016005314e-13,1.1091128016005314e-13,0.9999996080599044,0.9999996080599008,1e-12,3,0,3,1,11101000
success,,O-O_1.26_sto-6g_as-004-004,hamiltonian_generator/o2_active_space_library/O-O/1.26/sto-6g/O-O_1.26_sto-6g_as-004-004.tensors.npz,O-O,1.26,sto-6g,4,4,8,80,fermionic_magnitude_descending_lexicographic,"complete Hermitian fermionic terms ordered by decreasing absolute canonical coefficient magnitude, with fermionic lexicographic tie-breaking; final JW Pauli order induced by first occurrence",688801fc72e37a18,ZIIIIIII,0.12273903356938745,ZIIXZXII,-0.0023107237320522424,100,0.01,1.0,8000,0.0411221216759486,1.0,16,0.006773583998437971,0.0003239999932702631,0.0062008339882595465,0.9999999815878904,1.8412109614729388e-08,3.682421889639187e-08,1.7834903008710037,0.00019189637628016528,9.692247004977617e-14,9.692247004977617e-14,0.9999992161198087,0.9999992161198017,1e-12,3,0,3,1,11101000
success,,O-O_1.26_sto-6g_as-006-004,hamiltonian_generator/o2_active_space_library/O-O/1.26/sto-6g/O-O_1.26_sto-6g_as-006-004.tensors.npz,O-O,1.26,sto-6g,6,4,10,195,jw_raw,OpenFermion/QHAT final JW insertion order,a10166614da53c35,ZIIIIIIIII,0.4049801719887963,IIIIIIIIZZ,0.19381962207866354,100,0.01,1.0,19500,0.05762785824702695,1.0,50,0.02187574999697972,0.000368125009117648,0.04120637499727309,0.9999999648337996,3.516620039611951e-08,7.033239957099369e-08,1.9939101431728812,0.0002652025655838175,5.605516051332415e-13,5.60440582830779e-13,1.0,1.0,1e-12,3,0,4,2,1111101000
success,,O-O_1.26_sto-6g_as-006-004,hamiltonian_generator/o2_active_space_library/O-O/1.26/sto-6g/O-O_1.26_sto-6g_as-006-004.tensors.npz,O-O,1.26,sto-6g,6,4,10,195,signed_coefficient_lexicographic,final JW Pauli terms ordered by ascending signed coefficient; exact ties broken by ascending dense Pauli-string lexicographic order,6367a9b2509a6666,XXIIYYIIII,-0.06104446993276846,IZIIIIIIII,0.40498017198879654,100,0.01,1.0,19500,0.11889123962531693,4.256324707317478,50,0.02187574999697972,0.000368125009117648,0.04123170800448861,0.9999998397409905,1.602590095073353e-07,3.205179933685187e-07,1.9939022050284412,0.0005661431082462018,1.1233236563157334e-12,1.7637948879212217e-09,4.557188655645022,4.557188370133556,1e-12,3,0,4,2,1111101000
success,,O-O_1.26_sto-6g_as-006-004,hamiltonian_generator/o2_active_space_library/O-O/1.26/sto-6g/O-O_1.26_sto-6g_as-006-004.tensors.npz,O-O,1.26,sto-6g,6,4,10,195,jw_magnitude_descending_lexicographic,final JW Pauli terms ordered by decreasing absolute coefficient magnitude; exact ties broken by ascending dense Pauli-string lexicographic order,abdb0f7037d29e8c,IZIIIIIIII,0.40498017198879654,YZYIYZYIII,-0.002139894191755731,100,0.01,1.0,19500,0.11956021648965189,4.304358415900106,50,0.02187574999697972,0.000368125009117648,0.04122254099638667,0.999999838999818,1.6100018196407717e-07,3.2200033805995787e-07,1.9939182185997015,0.0005674507590339045,5.371258993136507e-13,5.371258993136507e-13,4.578264929123338,4.578264640820764,1e-12,3,0,4,2,1111101000
success,,O-O_1.26_sto-6g_as-006-004,hamiltonian_generator/o2_active_space_library/O-O/1.26/sto-6g/O-O_1.26_sto-6g_as-006-004.tensors.npz,O-O,1.26,sto-6g,6,4,10,195,fermionic_signed_coefficient_lexicographic,"complete Hermitian fermionic terms ordered by ascending signed canonical coefficient, with fermionic lexicographic tie-breaking; final JW Pauli order induced by first occurrence",548e912c8792a5bf,ZIIIIIIIII,0.4049801719887963,IIXYIYXIII,-0.010641098857080955,100,0.01,1.0,19500,0.11966864594839742,4.312169222896279,50,0.02187574999697972,0.000368125009117648,0.04109875000722241,0.9999998387434894,1.6125651058906953e-07,3.225129951989203e-07,1.9939182182274735,0.0005679022989724016,5.550004900101158e-13,5.551115123125783e-13,4.5855539914077195,4.5855537016531756,1e-12,3,0,4,2,1111101000
success,,O-O_1.26_sto-6g_as-006-004,hamiltonian_generator/o2_active_space_library/O-O/1.26/sto-6g/O-O_1.26_sto-6g_as-006-004.tensors.npz,O-O,1.26,sto-6g,6,4,10,195,fermionic_magnitude_descending_lexicographic,"complete Hermitian fermionic terms ordered by decreasing absolute canonical coefficient magnitude, with fermionic lexicographic tie-breaking; final JW Pauli order induced by first occurrence",3c07c0cc015ce93f,ZIIIIIIIII,0.4049801719887963,XZXIIIIZII,-0.0023107237320520945,100,0.01,1.0,19500,0.119637019343698,4.309890242485925,50,0.02187574999697972,0.000368125009117648,0.041159000000334345,0.9999998388269079,1.6117309209473518e-07,3.223461582102516e-07,1.9939182182688986,0.0005677553911584375,5.607736497381666e-13,5.608846720406291e-13,4.583181870069767,4.583181580274033,1e-12,3,0,4,2,1111101000
success,,O-O_1.26_sto-6g_as-008-004,hamiltonian_generator/o2_active_space_library/O-O/1.26/sto-6g/O-O_1.26_sto-6g_as-008-004.tensors.npz,O-O,1.26,sto-6g,8,4,12,382,jw_raw,OpenFermion/QHAT final JW insertion order,767499dc87ae8d81,ZIIIIIIIIIII,0.7189990687010306,IIIIIIIIIIZZ,0.19381962207866354,100,0.01,1.0,38200,0.34853325659376894,1.0,120,0.06516075000399724,0.00040066600195132196,0.30362570799479727,0.9999985684232091,1.431576790889011e-06,2.8631515324173407e-06,1.7078237397508764,0.0016920855716476108,6.428191312579656e-14,6.428191312579656e-14,1.0,1.0,1e-12,3,0,5,3,111111101000
success,,O-O_1.26_sto-6g_as-008-004,hamiltonian_generator/o2_active_space_library/O-O/1.26/sto-6g/O-O_1.26_sto-6g_as-008-004.tensors.npz,O-O,1.26,sto-6g,8,4,12,382,signed_coefficient_lexicographic,final JW Pauli terms ordered by ascending signed coefficient; exact ties broken by ascending dense Pauli-string lexicographic order,a9f2443bc2d2c2f3,IIXXIIYYIIII,-0.06104446993276846,IZIIIIIIIIII,0.7189990687010307,100,0.01,1.0,38200,0.43087756328208887,1.5283376488986302,120,0.06516075000399724,0.00040066600195132196,0.3041536249947967,0.9999983245821705,1.6754178294720035e-06,3.3508328519671338e-06,1.7075640241730543,0.0018305287921647141,5.0898729675452614e-11,2.0987235282987626e-09,1.1703303938250962,1.1703302511334588,1e-12,3,0,5,3,111111101000
success,,O-O_1.26_sto-6g_as-008-004,hamiltonian_generator/o2_active_space_library/O-O/1.26/sto-6g/O-O_1.26_sto-6g_as-008-004.tensors.npz,O-O,1.26,sto-6g,8,4,12,382,jw_magnitude_descending_lexicographic,final JW Pauli terms ordered by decreasing absolute coefficient magnitude; exact ties broken by ascending dense Pauli-string lexicographic order,4bb6de31bfe526c8,IZIIIIIIIIII,0.7189990687010307,YZYIIIIIXZXI,0.0002333962062190287,100,0.01,1.0,38200,0.4358123767660275,1.5635460294660424,120,0.06516075000399724,0.00040066600195132196,0.3040784589975374,0.9999982884027643,1.7115972357206743e-06,3.4231915418958536e-06,1.708238706576338,0.0018501876854636527,1.7119639039719914e-12,1.7119639039719914e-12,1.195602811259444,1.1956026438480798,1e-12,3,0,5,3,111111101000
success,,O-O_1.26_sto-6g_as-008-004,hamiltonian_generator/o2_active_space_library/O-O/1.26/sto-6g/O-O_1.26_sto-6g_as-008-004.tensors.npz,O-O,1.26,sto-6g,8,4,12,382,fermionic_signed_coefficient_lexicographic,"complete Hermitian fermionic terms ordered by ascending signed canonical coefficient, with fermionic lexicographic tie-breaking; final JW Pauli order induced by first occurrence",02aace439d350c8e,ZIIIIIIIIIII,0.7189990687010306,XZZZZYIIIYXI,-0.040557487517336066,100,0.01,1.0,38200,0.428207164459664,1.509452358043116,120,0.06516075000399724,0.00040066600195132196,0.30422887500026263,0.9999983409143434,1.6590856566356393e-06,3.3181685606953337e-06,1.7082334560236623,0.0018215848355954435,5.806466418789569e-14,5.828670879282072e-14,1.1589218735554836,1.1589217416983253,1e-12,3,0,5,3,111111101000
success,,O-O_1.26_sto-6g_as-008-004,hamiltonian_generator/o2_active_space_library/O-O/1.26/sto-6g/O-O_1.26_sto-6g_as-008-004.tensors.npz,O-O,1.26,sto-6g,8,4,12,382,fermionic_magnitude_descending_lexicographic,"complete Hermitian fermionic terms ordered by decreasing absolute canonical coefficient magnitude, with fermionic lexicographic tie-breaking; final JW Pauli order induced by first occurrence",6c28f51f60946e53,ZIIIIIIIIIII,0.7189990687010306,XZZYIIIIYZZX,0.00042650397352819486,100,0.01,1.0,38200,0.43151552897125206,1.532866772188154,120,0.06516075000399724,0.00040066600195132196,0.30372145799628925,0.9999983169927976,1.6830072023799048e-06,3.3660115722478068e-06,1.7082349783384023,0.0018346701078831064,7.227551890309769e-14,7.216449660063518e-14,1.1756318020039673,1.1756316541883847,1e-12,3,0,5,3,111111101000
success,,O-O_1.26_sto-6g_as-010-004,hamiltonian_generator/o2_active_space_library/O-O/1.26/sto-6g/O-O_1.26_sto-6g_as-010-004.tensors.npz,O-O,1.26,sto-6g,10,4,14,669,jw_raw,OpenFermion/QHAT final JW insertion order,7a8baa6b72ee060d,ZIIIIIIIIIIIII,1.1583223650712995,IIIIIIIIIIIIZZ,0.19381962207866354,100,0.01,1.0,66900,0.7495232405516967,1.0,245,0.1840207910136087,0.0004597500083036721,2.1912040000024717,0.9999937056845173,6.2943154827133085e-06,1.2588591347006961e-05,0.5982141539997405,0.0035480460771284547,6.161737786669619e-14,6.150635556423367e-14,1.0,1.0,1e-12,3,0,6,4,11111111101000
success,,O-O_1.26_sto-6g_as-010-004,hamiltonian_generator/o2_active_space_library/O-O/1.26/sto-6g/O-O_1.26_sto-6g_as-010-004.tensors.npz,O-O,1.26,sto-6g,10,4,14,669,signed_coefficient_lexicographic,final JW Pauli terms ordered by ascending signed coefficient; exact ties broken by ascending dense Pauli-string lexicographic order,474e5c359b2008cd,IIIIXXIIYYIIII,-0.06104446993276846,IZIIIIIIIIIIII,1.1583223650712997,100,0.01,1.0,66900,0.5255608288797426,0.4916723328730691,245,0.1840207910136087,0.0004597500083036721,2.19360458299343,0.9999976740328111,2.32596718885425e-06,4.651928967591701e-06,0.5988455643028241,0.0021568343417398797,1.4083945121257102e-09,4.923782936927523e-09,0.3695345737343926,0.3695353069585291,1e-12,3,0,6,4,11111111101000
success,,O-O_1.26_sto-6g_as-010-004,hamiltonian_generator/o2_active_space_library/O-O/1.26/sto-6g/O-O_1.26_sto-6g_as-010-004.tensors.npz,O-O,1.26,sto-6g,10,4,14,669,jw_magnitude_descending_lexicographic,final JW Pauli terms ordered by decreasing absolute coefficient magnitude; exact ties broken by ascending dense Pauli-string lexicographic order,f96acb66326e997b,IZIIIIIIIIIIII,1.1583223650712997,YZXIIIXZYIIIII,0.00022570522565942868,100,0.01,1.0,66900,0.588545621795855,0.6165808887698563,245,0.1840207910136087,0.0004597500083036721,2.193062165999436,0.9999969887467011,3.011253298934591e-06,6.02249753023365e-06,0.5973508934235496,0.0024540795826275036,8.186540334520487e-11,8.186562538980979e-11,0.4784083840736437,0.4784091693996841,1e-12,3,0,6,4,11111111101000
success,,O-O_1.26_sto-6g_as-010-004,hamiltonian_generator/o2_active_space_library/O-O/1.26/sto-6g/O-O_1.26_sto-6g_as-010-004.tensors.npz,O-O,1.26,sto-6g,10,4,14,669,fermionic_signed_coefficient_lexicographic,"complete Hermitian fermionic terms ordered by ascending signed canonical coefficient, with fermionic lexicographic tie-breaking; final JW Pauli order induced by first occurrence",9431528c97209909,ZIIIIIIIIIIIII,1.1583223650712995,IIXZZZZYIIIYXI,-0.040557487517336066,100,0.01,1.0,66900,0.5076774674776394,0.4587811539173338,245,0.1840207910136087,0.0004597500083036721,2.191126042001997,0.999997731256374,2.2687436259660743e-06,4.537482104716162e-06,0.5974472786029679,0.002130137848105645,1.1324274851176597e-13,1.1335377081422848e-13,0.36044326538714905,0.3604439908834585,1e-12,3,0,6,4,11111111101000
success,,O-O_1.26_sto-6g_as-010-004,hamiltonian_generator/o2_active_space_library/O-O/1.26/sto-6g/O-O_1.26_sto-6g_as-010-004.tensors.npz,O-O,1.26,sto-6g,10,4,14,669,fermionic_magnitude_descending_lexicographic,"complete Hermitian fermionic terms ordered by decreasing absolute canonical coefficient magnitude, with fermionic lexicographic tie-breaking; final JW Pauli order induced by first occurrence",c49a7b29af87a97c,ZIIIIIIIIIIIII,1.1583223650712995,IIXZZYIIIIYZZX,0.00042650397352819486,100,0.01,1.0,66900,0.5874718233894509,0.6143330440241843,245,0.1840207910136087,0.0004597500083036721,2.1916099579975707,0.9999969778609,3.0221390999729536e-06,6.044269066585173e-06,0.5973546893425467,0.002458511378852233,1.1435297153639112e-14,1.1435297153639112e-14,0.480137849504517,0.4801386350524633,1e-12,3,0,6,4,11111111101000
success,,O-O_1.26_sto-6g_as-012-004,hamiltonian_generator/o2_active_space_library/O-O/1.26/sto-6g/O-O_1.26_sto-6g_as-012-004.tensors.npz,O-O,1.26,sto-6g,12,4,16,1176,jw_raw,OpenFermion/QHAT final JW insertion order,4f228fb3859ac57c,ZIIIIIIIIIIIIIII,1.7078950820196483,IIIIIIIIIIIIIIZZ,0.19381962207866354,100,0.01,1.0,117600,1.3627835262360852,1.0,448,0.4663262909889454,0.0006394160009222105,14.370585334007046,0.9999790377037637,2.0962296236270994e-05,4.192415305470654e-05,0.2682795241466792,0.006474920267659053,1.1159961843532074e-12,1.1162182289581324e-12,1.0,1.0,1e-12,3,0,7,5,1111111111101000
success,,O-O_1.26_sto-6g_as-012-004,hamiltonian_generator/o2_active_space_library/O-O/1.26/sto-6g/O-O_1.26_sto-6g_as-012-004.tensors.npz,O-O,1.26,sto-6g,12,4,16,1176,signed_coefficient_lexicographic,final JW Pauli terms ordered by ascending signed coefficient; exact ties broken by ascending dense Pauli-string lexicographic order,cb05cb331fc9de00,IXZZZXIIIIIIIIII,-0.08219941740502484,IZIIIIIIIIIIIIII,1.7078950820196488,100,0.01,1.0,117600,0.6906551639388253,0.25684361660621186,448,0.4663262909889454,0.0006394160009222105,14.365723458991852,0.999996716961181,3.283038819024142e-06,6.566066859670094e-06,0.2674132663591162,0.0025624358797925626,1.0067981559558348e-08,2.5349549126474358e-08,0.15661637360813127,0.15661775805231126,1e-12,3,0,7,5,1111111111101000
success,,O-O_1.26_sto-6g_as-012-004,hamiltonian_generator/o2_active_space_library/O-O/1.26/sto-6g/O-O_1.26_sto-6g_as-012-004.tensors.npz,O-O,1.26,sto-6g,12,4,16,1176,jw_magnitude_descending_lexicographic,final JW Pauli terms ordered by decreasing absolute coefficient magnitude; exact ties broken by ascending dense Pauli-string lexicographic order,892edbef85d7c673,IZIIIIIIIIIIIIII,1.7078950820196488,IIYZXIIIXZYIIIII,0.00022570522565942868,100,0.01,1.0,117600,0.8894779280669222,0.42600686866616827,448,0.4663262909889454,0.0006394160009222105,14.389108374991338,0.9999944534355594,5.546564440628288e-06,1.109309811686554e-05,0.2695407347019646,0.0033306349066291514,7.087608278055768e-10,7.087608278055768e-10,0.2645971785777497,0.2645992180781859,1e-12,3,0,7,5,1111111111101000
success,,O-O_1.26_sto-6g_as-012-004,hamiltonian_generator/o2_active_space_library/O-O/1.26/sto-6g/O-O_1.26_sto-6g_as-012-004.tensors.npz,O-O,1.26,sto-6g,12,4,16,1176,fermionic_signed_coefficient_lexicographic,"complete Hermitian fermionic terms ordered by ascending signed canonical coefficient, with fermionic lexicographic tie-breaking; final JW Pauli order induced by first occurrence",6278ed8a154bc7cc,ZIIIIIIIIIIIIIII,1.7078950820196483,XZXIIIIIIXZZZXII,-0.043034575559135264,100,0.01,1.0,117600,0.8454899734377357,0.3849135266536098,448,0.4663262909889454,0.0006394160009222105,14.396370207992732,0.9999950624969857,4.937503014335043e-06,9.874981649726777e-06,0.26944893142763393,0.0031424522317244673,1.1434186930614487e-12,1.1434186930614487e-12,0.23554208750240335,0.23554397477847633,1e-12,3,0,7,5,1111111111101000
success,,O-O_1.26_sto-6g_as-012-004,hamiltonian_generator/o2_active_space_library/O-O/1.26/sto-6g/O-O_1.26_sto-6g_as-012-004.tensors.npz,O-O,1.26,sto-6g,12,4,16,1176,fermionic_magnitude_descending_lexicographic,"complete Hermitian fermionic terms ordered by decreasing absolute canonical coefficient magnitude, with fermionic lexicographic tie-breaking; final JW Pauli order induced by first occurrence",2eb0b4cff94afa2a,ZIIIIIIIIIIIIIII,1.7078950820196483,IIIIXZZYIIIIYZZX,0.00042650397352819486,100,0.01,1.0,117600,0.9365018726418703,0.47224084812974604,448,0.4663262909889454,0.0006394160009222105,14.4891023329983,0.9999936116071061,6.388392893907913e-06,1.2776744976239485e-05,0.2695365439820894,0.003574463006916679,1.159183860011126e-12,1.1590728377086634e-12,0.30475635025394293,0.3047585710215111,1e-12,3,0,7,5,1111111111101000
success,,O-O_1.26_sto-6g_as-014-004,hamiltonian_generator/o2_active_space_library/O-O/1.26/sto-6g/O-O_1.26_sto-6g_as-014-004.tensors.npz,O-O,1.26,sto-6g,14,4,18,1883,jw_raw,OpenFermion/QHAT final JW insertion order,c916438b853d12c8,ZIIIIIIIIIIIIIIIII,12.411579530170584,IIIIIIIIIIIIIIIIZZ,0.19381962207866354,100,0.01,1.0,188300,2.8121469809817725,1.0,756,1.143457458994817,0.004957375000230968,33.988627334008925,0.9999413445211637,5.8655478836322494e-05,0.00011730751720739896,0.2028135088827841,0.010831018311896855,9.916512055951898e-13,9.915401832927273e-13,1.0,1.0,1e-12,3,0,8,6,111111111111101000
success,,O-O_1.26_sto-6g_as-014-004,hamiltonian_generator/o2_active_space_library/O-O/1.26/sto-6g/O-O_1.26_sto-6g_as-014-004.tensors.npz,O-O,1.26,sto-6g,14,4,18,1883,signed_coefficient_lexicographic,final JW Pauli terms ordered by ascending signed coefficient; exact ties broken by ascending dense Pauli-string lexicographic order,ce848ade32d854d5,IIIXZZZXIIIIIIIIII,-0.10473353028083641,ZIIIIIIIIIIIIIIIII,12.411579530170584,100,0.01,1.0,188300,1.5787520189076027,0.31517503223365273,756,1.143457458994817,0.004957375000230968,33.901768875002745,0.9999958806717237,4.119328276264156e-06,8.238639583657559e-06,0.20163334045194184,0.0028703060032909925,1.1008229439113393e-08,3.694773254014905e-08,0.07022921571843439,0.07023113079012401,1e-12,3,0,8,6,111111111111101000
success,,O-O_1.26_sto-6g_as-014-004,hamiltonian_generator/o2_active_space_library/O-O/1.26/sto-6g/O-O_1.26_sto-6g_as-014-004.tensors.npz,O-O,1.26,sto-6g,14,4,18,1883,jw_magnitude_descending_lexicographic,final JW Pauli terms ordered by decreasing absolute coefficient magnitude; exact ties broken by ascending dense Pauli-string lexicographic order,521e8ec025455e34,IZIIIIIIIIIIIIIIII,12.411579530170584,YZZZZZXIXZZZZZYIII,4.4048929295170955e-05,100,0.01,1.0,188300,1.695160337953798,0.3633670416614285,756,1.143457458994817,0.004957375000230968,33.85896420899371,0.9999921699066352,7.830093364802337e-06,1.5660125419203474e-05,0.20387130020063976,0.003957295380636209,6.783641426366671e-10,6.783642536589696e-10,0.1334929578642113,0.1334963503789486,1e-12,3,0,8,6,111111111111101000
success,,O-O_1.26_sto-6g_as-014-004,hamiltonian_generator/o2_active_space_library/O-O/1.26/sto-6g/O-O_1.26_sto-6g_as-014-004.tensors.npz,O-O,1.26,sto-6g,14,4,18,1883,fermionic_signed_coefficient_lexicographic,"complete Hermitian fermionic terms ordered by ascending signed canonical coefficient, with fermionic lexicographic tie-breaking; final JW Pauli order induced by first occurrence",7c41d4c3a4f7fb2b,ZIIIIIIIIIIIIIIIII,12.411579530170584,ZXZZZXIIIIIIIIIIII,0.06090128520849339,100,0.01,1.0,188300,1.6182288530486075,0.3311340560505654,756,1.143457458994817,0.004957375000230968,33.74403941699711,0.9999945169241848,5.4830758151602765e-06,1.096612156614718e-05,0.20371395385140897,0.0033115180250635136,9.132694600566538e-13,9.132694600566538e-13,0.09347934624250094,0.09348183157571348,1e-12,3,0,8,6,111111111111101000
success,,O-O_1.26_sto-6g_as-014-004,hamiltonian_generator/o2_active_space_library/O-O/1.26/sto-6g/O-O_1.26_sto-6g_as-014-004.tensors.npz,O-O,1.26,sto-6g,14,4,18,1883,fermionic_magnitude_descending_lexicographic,"complete Hermitian fermionic terms ordered by decreasing absolute canonical coefficient magnitude, with fermionic lexicographic tie-breaking; final JW Pauli order induced by first occurrence",46074391cf8a3adf,ZIIIIIIIIIIIIIIIII,12.411579530170584,XZZYIYXIIIIIIIIIII,-7.30065141444053e-05,100,0.01,1.0,188300,2.0371583397193613,0.5247754871030663,756,1.143457458994817,0.004957375000230968,33.9427867080085,0.999978951493662,2.1048506337995043e-05,4.2096569636385084e-05,0.20400750914219204,0.006488221071756887,1.1118883591620943e-12,1.1117773368596318e-12,0.3588497912825958,0.3588565391078784,1e-12,3,0,8,6,111111111111101000
success,,O-O_1.26_sto-6g_as-016-004,hamiltonian_generator/o2_active_space_library/O-O/1.26/sto-6g/O-O_1.26_sto-6g_as-016-004.tensors.npz,O-O,1.26,sto-6g,16,4,20,2950,jw_raw,OpenFermion/QHAT final JW insertion order,318dda313c8b2151,ZIIIIIIIIIIIIIIIIIII,13.164942575333779,IIIIIIIIIIIIIIIIIIZZ,0.19381962207866354,100,0.01,1.0,295000,4.517508021279923,1.0,1200,2.307810041005723,0.008211375010432675,103.70717779100232,0.999857284042609,0.00014271595739101528,0.0002854115469375085,1.6266460093250963,0.016894730385005573,1.3135048604340227e-12,1.3135048604340227e-12,1.0,1.0,1e-12,3,0,9,7,11111111111111101000
success,,O-O_1.26_sto-6g_as-016-004,hamiltonian_generator/o2_active_space_library/O-O/1.26/sto-6g/O-O_1.26_sto-6g_as-016-004.tensors.npz,O-O,1.26,sto-6g,16,4,20,2950,signed_coefficient_lexicographic,final JW Pauli terms ordered by ascending signed coefficient; exact ties broken by ascending dense Pauli-string lexicographic order,6a02226bfbd00e3e,XXYYIIIIIIIIIIIIIIII,-0.5430870710896676,ZIIIIIIIIIIIIIIIIIII,13.164942575333779,100,0.01,1.0,295000,24.92985412454461,30.453808312330263,1200,2.307810041005723,0.008211375010432675,106.12042495899368,0.9999783201517187,2.1679848281275227e-05,4.33592265467464e-05,1.6269158670281014,0.006584808012580963,5.491126350287701e-07,5.916688180507279e-07,0.15190906943837024,0.15191826333585587,1e-12,3,0,9,7,11111111111111101000
success,,O-O_1.26_sto-6g_as-016-004,hamiltonian_generator/o2_active_space_library/O-O/1.26/sto-6g/O-O_1.26_sto-6g_as-016-004.tensors.npz,O-O,1.26,sto-6g,16,4,20,2950,jw_magnitude_descending_lexicographic,final JW Pauli terms ordered by decreasing absolute coefficient magnitude; exact ties broken by ascending dense Pauli-string lexicographic order,3d6c3b8046d9ecbf,IZIIIIIIIIIIIIIIIIII,13.164942575333779,YZXIXZYIIIIIIIIIIIII,-5.033777644118361e-06,100,0.01,1.0,295000,2.625832872432612,0.3378596260670552,1200,2.307810041005723,0.008211375010432675,106.23329212500539,0.9999711031716253,2.8896828374702643e-05,5.7792821722690846e-05,1.6274044953948457,0.007602213937360964,7.003768676128175e-10,7.003768676128175e-10,0.2024779071868655,0.20248943093863234,1e-12,3,0,9,7,11111111111111101000
success,,O-O_1.26_sto-6g_as-016-004,hamiltonian_generator/o2_active_space_library/O-O/1.26/sto-6g/O-O_1.26_sto-6g_as-016-004.tensors.npz,O-O,1.26,sto-6g,16,4,20,2950,fermionic_signed_coefficient_lexicographic,"complete Hermitian fermionic terms ordered by ascending signed canonical coefficient, with fermionic lexicographic tie-breaking; final JW Pauli order induced by first occurrence",83ebff97227e2886,ZIIIIIIIIIIIIIIIIIII,13.164942575333779,XZXIIIIIIIIIIXZZZXII,-0.08904197779752239,100,0.01,1.0,295000,2.157044807986545,0.22799245168832735,1200,2.307810041005723,0.008211375010432675,107.32424620799429,0.9999940668490281,5.9331509718596465e-06,1.1866266741433762e-05,1.6272763837710786,0.0034447499101849604,1.3293810496861624e-12,1.3290479827787749e-12,0.04157314346849044,0.04157598691699712,1e-12,3,0,9,7,11111111111111101000
success,,O-O_1.26_sto-6g_as-016-004,hamiltonian_generator/o2_active_space_library/O-O/1.26/sto-6g/O-O_1.26_sto-6g_as-016-004.tensors.npz,O-O,1.26,sto-6g,16,4,20,2950,fermionic_magnitude_descending_lexicographic,"complete Hermitian fermionic terms ordered by decreasing absolute canonical coefficient magnitude, with fermionic lexicographic tie-breaking; final JW Pauli order induced by first occurrence",709ee46bb54ad045,ZIIIIIIIIIIIIIIIIIII,13.164942575333779,IIXZZYIYXIIIIIIIIIII,-7.30065141444053e-05,100,0.01,1.0,295000,2.200002246933448,0.23716379112037356,1200,2.307810041005723,0.008211375010432675,110.5200034169975,0.9999929083429243,7.091657075686264e-06,1.4183263859823825e-05,1.6273595318921372,0.0037660741032768496,1.315281217273423e-12,1.315281217273423e-12,0.04969070877096412,0.04969407864542104,1e-12,3,0,9,7,11111111111111101000
