case_id,tensor_path,molecule,bond_length,basis,active_occupied,active_vacant,n_qubits,numerical_error_floor,jw_magnitude_one_minus_overlap,fermionic_aware_one_minus_overlap,input_valid_comparison,graph_status,graph_source,graph_unavailable_reason,number_of_hermitian_fermionic_terms,number_of_mixed_occupied_virtual_parents,number_of_noncrossing_parents,total_parent_coefficient_mass,mixed_parent_coefficient_mass,noncrossing_parent_coefficient_mass,maximum_fermionic_support_size,graph_nodes,occupied_graph_nodes,virtual_graph_nodes,graph_edges,graph_density,graph_total_edge_weight,maximum_orbital_strength,occupied_hub_incident_weight_fraction,virtual_hub_incident_weight_fraction,effective_strength_orbitals,strength_gini,bipartite_weighted_freeman_centralization,mean_partition_weighted_freeman_centralization,occupied_weighted_freeman_centralization,virtual_weighted_freeman_centralization,whole_graph_same_weight_star_centralization,occupied_unweighted_degree_centralization,virtual_unweighted_degree_centralization,hub_orbital_index,ratio_valid,jw_magnitude_to_fermionic_ratio,log10_jw_magnitude_to_fermionic_ratio
B-B_1.70_hgbs-5_as-002-002,hamiltonian_generator/hgbs5_diatomic_basis_transfer/lower/B-B/1.70/hgbs-5/B-B_1.70_hgbs-5_as-002-002.tensors.npz,B-B,1.70,hgbs-5,2,2,4,1e-12,7.382983113757292e-14,7.382983113757292e-14,False,success,active_tensor,,12.0,6.0,6.0,4.380864719175278,1.1796409388017643,3.2012237803735144,4.0,4.0,2.0,2.0,4.0,0.6666666666666666,1.2572216938585505,0.6286108469292753,0.5,0.5,4.0,0.0,0.0,0.0,0.0,0.0,0.0,0.0,0.0,0.0,False,,
B-B_1.70_hgbs-5_as-002-004,hamiltonian_generator/hgbs5_diatomic_basis_transfer/lower/B-B/1.70/hgbs-5/B-B_1.70_hgbs-5_as-002-004.tensors.npz,B-B,1.70,hgbs-5,2,4,6,1e-12,2.480904370827375e-12,2.4777957463584244e-12,True,success,active_tensor,,27.0,12.0,15.0,8.03529240537748,2.3292212413135,5.706071164063981,4.0,6.0,2.0,4.0,8.0,0.5333333333333333,2.4779452631582206,1.2389726315791103,0.5,0.25368229729501396,5.332947674086973,0.16912153153000933,0.00490972972668528,0.00245486486334264,0.0,0.00490972972668528,0.25,0.0,0.0,0.0,True,1.0012545927054395,0.0005445211842339812
B-B_1.70_hgbs-5_as-004-004,hamiltonian_generator/hgbs5_diatomic_basis_transfer/lower/B-B/1.70/hgbs-5/B-B_1.70_hgbs-5_as-004-004.tensors.npz,B-B,1.70,hgbs-5,4,4,8,1e-12,6.309949562854911e-09,6.309949562854911e-09,True,success,active_tensor,,48.0,24.0,24.0,18.164718150840116,4.7286145779544455,13.436103572885656,4.0,8.0,4.0,4.0,16.0,0.5714285714285714,5.563840114219941,1.54294742553086,0.2773169957899093,0.27422624399386125,7.915580075254598,0.05308861568179465,0.03642266105321246,0.034362159855847084,0.03642266105321246,0.03230165865848171,0.03642266105321246,0.0,0.0,0.0,True,1.0,0.0
B-B_1.70_hgbs-5_as-004-006,hamiltonian_generator/hgbs5_diatomic_basis_transfer/lower/B-B/1.70/hgbs-5/B-B_1.70_hgbs-5_as-004-006.tensors.npz,B-B,1.70,hgbs-5,4,6,10,1e-12,6.3629838065182315e-09,6.377782524324971e-09,True,success,active_tensor,,105.0,66.0,39.0,20.429689015768652,5.603664288307896,14.826024727460757,4.0,10.0,4.0,6.0,24.0,0.5333333333333333,6.597143948531278,1.866301234510439,0.2828953330518024,0.23503407734376475,8.895244441610405,0.18556694395042672,0.08204089281251768,0.06295066844079379,0.043860444069069894,0.08204089281251768,0.10361916631475304,0.0,0.0,1.0,True,0.9976796452763486,-0.0010088881949686932
B-B_1.70_hgbs-5_as-004-008,hamiltonian_generator/hgbs5_diatomic_basis_transfer/lower/B-B/1.70/hgbs-5/B-B_1.70_hgbs-5_as-004-008.tensors.npz,B-B,1.70,hgbs-5,4,8,12,1e-12,1.0775619174729913e-08,6.889735115755968e-09,True,success,active_tensor,,202.0,120.0,82.0,23.9514783821304,6.740382682379166,17.211095699751247,4.0,12.0,4.0,8.0,32.0,0.48484848484848486,8.216047534152413,2.29757132877922,0.2796443568794716,0.18872257427938663,9.829654366811702,0.2593023907374351,0.07282579917644184,0.05617580417453531,0.03952580917262879,0.07282579917644184,0.13557322825536594,0.0,0.0,0.0,True,1.5640106613224376,0.19423970916994385
B-B_1.70_hgbs-5_as-006-008,hamiltonian_generator/hgbs5_diatomic_basis_transfer/screen/B-B/1.70/hgbs-5/B-B_1.70_hgbs-5_as-006-008.tensors.npz,B-B,1.70,hgbs-5,6,8,14,1e-12,3.797921876991239e-08,5.9443914124379666e-08,True,success,active_tensor,,339.0,242.0,97.0,43.81782368115582,12.041263547351424,31.776560133804377,4.0,14.0,6.0,8.0,48.0,0.5274725274725275,16.0093166329349,3.6964440453666825,0.21195789995135383,0.23089330607417896,11.596042363433156,0.2567800616490308,0.12102092122763312,0.08768520058462888,0.054349479941624625,0.12102092122763312,0.10270885708654216,0.0,0.0,6.0,True,0.6389084455381786,-0.19456137102205406
B-B_1.70_hgbs-5_as-006-010,hamiltonian_generator/hgbs5_diatomic_basis_transfer/night/B-B/1.70/hgbs-5/B-B_1.70_hgbs-5_as-006-010.tensors.npz,B-B,1.70,hgbs-5,6,10,16,1e-12,3.58992492399679e-08,6.034795319020958e-08,True,success,active_tensor,,516.0,384.0,132.0,47.637842703755126,13.516089301263367,34.12175340249172,4.0,16.0,6.0,10.0,60.0,0.5,17.91945262181789,3.7472015026176226,0.203482405091862,0.20911361422140792,12.69542460910756,0.2837348769364049,0.12123734913489766,0.082708117622566,0.04417888611023435,0.12123734913489766,0.09612984482446615,0.0,0.0,6.0,True,0.5948710327725238,-0.22557717851719794
B-B_1.70_hgbs-5_as-008-010,hamiltonian_generator/hgbs5_diatomic_basis_transfer/night/B-B/1.70/hgbs-5/B-B_1.70_hgbs-5_as-008-010.tensors.npz,B-B,1.70,hgbs-5,8,10,18,1e-12,3.8104094324253885e-08,8.629878522903311e-08,True,success,active_tensor,,831.0,656.0,175.0,94.94966397978979,18.959657441040193,75.99000653874963,4.0,18.0,8.0,10.0,80.0,0.5228758169934641,24.580676990015327,5.161355881552275,0.16108959167821346,0.20997614848642362,14.672855695314233,0.2670307130639812,0.1221957205404707,0.08172048408635732,0.04124524763224395,0.1221957205404707,0.1112231670472266,0.0,0.0,9.0,True,0.44153685620402794,-0.3550330389086883
B-B_1.70_hgbs-5_as-010-010,hamiltonian_generator/hgbs5_diatomic_basis_transfer/night/B-B/1.70/hgbs-5/B-B_1.70_hgbs-5_as-010-010.tensors.npz,B-B,1.70,hgbs-5,10,10,20,1e-12,3.690741543160847e-06,1.2800340665197754e-07,True,success,active_tensor,,1256.0,998.0,258.0,161.05374788423737,25.785728950815482,135.26801893342136,4.0,20.0,10.0,10.0,100.0,0.5263157894736842,34.9866146771501,8.222958791180783,0.12621167720444576,0.23503156470154946,15.479001463212448,0.27841003054118824,0.15003507189061052,0.08957957883666401,0.02912408578271751,0.15003507189061052,0.15003507189061052,0.0,0.0,10.0,True,28.83315092695487,1.4598921052884741
B-H_1.29_hgbs-5_as-002-002,hamiltonian_generator/library/B-H/1.29/hgbs-5/B-H_1.29_hgbs-5_as-002-002.tensors.npz,B-H,1.29,hgbs-5,2,2,4,1e-12,3.053328700985958e-10,3.053328700985958e-10,True,success,reconstructed_from_full_molecular_pickle,,12.0,6.0,6.0,3.3042097080995902,0.6005592138148235,2.703650494284767,4.0,4.0,2.0,2.0,4.0,0.6666666666666666,0.6438990411231941,0.32194952056159704,0.5,0.5,3.9999999999999996,4.3105477478601464e-17,8.62109549572029e-17,8.62109549572029e-17,8.62109549572029e-17,8.62109549572029e-17,8.62109549572029e-17,0.0,0.0,1.0,True,1.0,0.0
B-H_1.29_hgbs-5_as-002-004,hamiltonian_generator/library/B-H/1.29/hgbs-5/B-H_1.29_hgbs-5_as-002-004.tensors.npz,B-H,1.29,hgbs-5,2,4,6,1e-12,6.015008491289109e-10,6.01500405039701e-10,True,success,reconstructed_from_full_molecular_pickle,,27.0,12.0,15.0,4.95157240946184,1.2011184276316638,3.750453981830175,4.0,6.0,2.0,4.0,8.0,0.5333333333333333,1.2877980822487216,0.6438990411243608,0.5,0.25000000000045297,5.333333333333332,0.16666666666696872,6.04008318921562e-13,3.02004159460781e-13,0.0,6.04008318921562e-13,0.25,0.0,0.0,0.0,True,1.0000007383024285,3.206405523201218e-07
B-H_1.29_hgbs-5_as-004-004,hamiltonian_generator/library/B-H/1.29/hgbs-5/B-H_1.29_hgbs-5_as-004-004.tensors.npz,B-H,1.29,hgbs-5,4,4,8,1e-12,4.354561156105774e-09,4.782336304742785e-09,True,success,reconstructed_from_full_molecular_pickle,,70.0,40.0,30.0,14.911195343505614,2.469680843031172,12.441514500474439,4.0,8.0,4.0,4.0,16.0,0.5714285714285714,2.796846152575458,0.7033597774192711,0.2514831846476742,0.2500000000004905,7.999859212928928,0.0022247769717565428,0.0019775795302322857,0.0009887897654431415,0.0019775795302322857,6.539971599151985e-13,0.0019775795302322792,0.0,0.0,0.0,True,0.9105510107658523,-0.04069571920067007
B-H_1.29_hgbs-5_as-004-006,hamiltonian_generator/library/B-H/1.29/hgbs-5/B-H_1.29_hgbs-5_as-004-006.tensors.npz,B-H,1.29,hgbs-5,4,6,10,1e-12,4.395084518549197e-09,4.7989086038313644e-09,True,success,active_tensor,,165.0,120.0,45.0,17.274654636153766,3.4420539829699743,13.8326006531838,4.0,10.0,4.0,6.0,24.0,0.5333333333333333,3.943595816950099,0.9861294005221576,0.2500584355738594,0.17927119929170696,9.556274206900309,0.11514881337930925,0.015125439150048324,0.007601676624263728,7.79140984791338e-05,0.015125439150048324,0.06257304446732419,0.0,0.0,2.0,True,0.9158508488868153,-0.0381752477073187
B-H_1.29_hgbs-5_as-004-008,hamiltonian_generator/library/B-H/1.29/hgbs-5/B-H_1.29_hgbs-5_as-004-008.tensors.npz,B-H,1.29,hgbs-5,4,8,12,1e-12,1.953607342564112e-08,2.5068024989138852e-08,True,success,active_tensor,,414.0,296.0,118.0,24.129862385481715,6.269141297134223,17.860721088347468,4.0,12.0,4.0,8.0,32.0,0.48484848484848486,8.62434633367997,2.161716611246658,0.2506528063239621,0.2011920251699064,10.056300484979444,0.24424593731215918,0.08707660019417873,0.04397350431306409,0.0008704084319494536,0.08707660019417873,0.10078336758875452,0.0,0.0,0.0,True,0.7793224011107958,-0.1082828400716302
B-H_1.29_hgbs-5_as-006-008,hamiltonian_generator/library/B-H/1.29/hgbs-5/B-H_1.29_hgbs-5_as-006-008.tensors.npz,B-H,1.29,hgbs-5,6,8,14,1e-12,2.2486482120775978e-08,2.5603570708021554e-08,True,success,active_tensor,,751.0,582.0,169.0,70.93710466751675,10.00427130597975,60.93283336153708,4.0,14.0,6.0,8.0,48.0,0.5274725274725275,13.40985725128745,2.6973721998206805,0.1701858384252272,0.2011484648400498,12.740990169729535,0.16865965311786202,0.08702681696005692,0.04562491153516477,0.004223006110272623,0.08702681696005692,0.06800654231339143,0.0,0.0,12.0,True,0.8782557080497762,-0.056379018915425134
B-H_1.29_hgbs-5_as-006-010,hamiltonian_generator/library/B-H/1.29/hgbs-5/B-H_1.29_hgbs-5_as-006-010.tensors.npz,B-H,1.29,hgbs-5,6,10,16,1e-12,3.788002111981825e-08,4.8246144745967e-08,True,success,active_tensor,,1220.0,906.0,314.0,82.34510612742856,14.569055769464066,67.77605035796466,4.0,16.0,6.0,10.0,60.0,0.5,20.651839826788,3.501123884929026,0.16953084636980545,0.13061171413527986,14.496513621585349,0.17697706060541166,0.034013015705866484,0.018725015674816502,0.0034370156437665183,0.034013015705866484,0.05089239585120621,0.0,0.0,2.0,True,0.7851408919670151,-0.1050524029828949
B-H_1.29_hgbs-5_as-006-012,hamiltonian_generator/library/B-H/1.29/hgbs-5/B-H_1.29_hgbs-5_as-006-012.tensors.npz,B-H,1.29,hgbs-5,6,12,18,1e-12,9.342596829498009e-08,4.47135389824993e-08,True,success,active_tensor,,1959.0,1470.0,489.0,92.71301465322391,19.604141099302865,73.10887355392123,4.0,18.0,6.0,12.0,72.0,0.47058823529411764,28.443968117648613,5.2478274249732575,0.1844970224712473,0.11077061564608566,15.519564610570221,0.22459257121415402,0.029931580704820725,0.025664003835158745,0.021396426965496762,0.029931580704820725,0.0825591502801532,0.0,0.0,2.0,True,2.089433545654855,0.32002856298175164
B-H_1.29_hgbs-5_as-006-014,hamiltonian_generator/library/B-H/1.29/hgbs-5/B-H_1.29_hgbs-5_as-006-014.tensors.npz,B-H,1.29,hgbs-5,6,14,20,1e-12,1.7912628091920626e-07,4.839851612814527e-07,True,success,active_tensor,,3018.0,2214.0,804.0,102.92746749770515,24.104710210833893,78.82275728687154,4.0,20.0,6.0,14.0,84.0,0.4421052631578947,35.82724138760842,6.568228098866054,0.1833305564278753,0.09593852920701493,16.38403534405569,0.25542020150482003,0.026395339146016075,0.02319600342973322,0.01999666771345037,0.026395339146016075,0.09258950714208367,0.0,0.0,4.0,True,0.37010696866187315,-0.4316727375936064
Be-Be_2.04_hgbs-5_as-008-002,hamiltonian_generator/hgbs5_diatomic_basis_transfer/lower/Be-Be/2.04/hgbs-5/Be-Be_2.04_hgbs-5_as-008-002.tensors.npz,Be-Be,2.04,hgbs-5,8,2,10,1e-12,4.698764710653336e-09,4.415439236460372e-09,True,success,active_tensor,,153.0,40.0,113.0,71.96855847038344,3.58776104703378,68.38079742334968,4.0,10.0,8.0,2.0,16.0,0.35555555555555557,3.9370931405960303,1.9685465702980154,0.14047849259975706,0.5000000000000001,6.391459466802412,0.31742264249698343,0.01768970582829377,0.008844852914146885,0.01768970582829377,0.0,0.37500000000000006,0.0,0.0,8.0,True,1.064166996536474,0.027009785838138005
Be-Be_2.04_hgbs-5_as-008-004,hamiltonian_generator/hgbs5_diatomic_basis_transfer/lower/Be-Be/2.04/hgbs-5/Be-Be_2.04_hgbs-5_as-008-004.tensors.npz,Be-Be,2.04,hgbs-5,8,4,12,1e-12,9.107919751727422e-09,8.625814396090448e-09,True,success,active_tensor,,202.0,80.0,122.0,79.85055361501858,7.175522094067594,72.67503152095095,4.0,12.0,8.0,4.0,32.0,0.48484848484848486,7.874186281192102,1.9685465702980358,0.14047849259975706,0.2500000000000013,10.642964050109155,0.1811855354141533,0.0176897058282938,0.008844852914147766,0.0176897058282938,1.7295419847082234e-15,0.10000000000000156,0.0,0.0,10.0,True,1.055890995736644,0.02361908638571884
Be-Be_2.04_hgbs-5_as-008-006,hamiltonian_generator/hgbs5_diatomic_basis_transfer/screen/Be-Be/2.04/hgbs-5/Be-Be_2.04_hgbs-5_as-008-006.tensors.npz,Be-Be,2.04,hgbs-5,8,6,14,1e-12,1.4689333782680336e-07,2.6708023459498523e-08,True,success,active_tensor,,385.0,248.0,137.0,92.81180559586579,14.329186993617736,78.48261860224801,4.0,14.0,8.0,6.0,48.0,0.5274725274725275,18.73536978921696,5.321315505475327,0.15531835864963994,0.2840251121457971,11.92371436270614,0.17940297026593754,0.14083013457495652,0.08773984365870109,0.034649552742445654,0.14083013457495652,0.16469596417009663,0.0,0.0,13.0,True,5.49997037592693,0.7403603502931322
Be-Be_2.04_hgbs-5_as-008-008,hamiltonian_generator/hgbs5_diatomic_basis_transfer/night/Be-Be/2.04/hgbs-5/Be-Be_2.04_hgbs-5_as-008-008.tensors.npz,Be-Be,2.04,hgbs-5,8,8,16,1e-12,1.476953450652019e-07,1.357650755151596e-07,True,success,active_tensor,,678.0,520.0,158.0,99.07600733973514,17.737730097828262,81.33827724190667,4.0,16.0,8.0,8.0,64.0,0.5333333333333333,24.036546918691556,5.51797402778376,0.14102710107052835,0.22956600407077665,14.256127854905168,0.17316149113292487,0.11950400465231618,0.06891034579503143,0.01831668693774668,0.11950400465231618,0.11950400465231618,0.0,0.0,12.0,True,1.0878743631583674,0.03657874229447549
Be-Be_2.04_hgbs-5_as-008-010,hamiltonian_generator/hgbs5_diatomic_basis_transfer/night/Be-Be/2.04/hgbs-5/Be-Be_2.04_hgbs-5_as-008-010.tensors.npz,Be-Be,2.04,hgbs-5,8,10,18,1e-12,1.556830450111235e-07,1.3375730778530937e-07,True,success,active_tensor,,1109.0,880.0,229.0,104.94128848700336,20.20768465357488,84.73360383342808,4.0,18.0,8.0,10.0,80.0,0.5228758169934641,28.40279197502057,5.62771249141875,0.1386103800152326,0.19813941165953544,15.868890806486537,0.19961968798518911,0.10904379073281713,0.062299255375112904,0.015554720017408675,0.10904379073281713,0.09790683811697735,0.0,0.0,12.0,True,1.1639217893126752,0.06592379851738515
Be-Be_2.04_hgbs-5_as-008-012,hamiltonian_generator/hgbs5_diatomic_basis_transfer/night/Be-Be/2.04/hgbs-5/Be-Be_2.04_hgbs-5_as-008-012.tensors.npz,Be-Be,2.04,hgbs-5,8,12,20,1e-12,1.5342733483691973e-07,1.3069481441529973e-07,True,success,active_tensor,,1580.0,1240.0,340.0,111.251626076892,22.67763920932241,88.573986867569,4.0,20.0,8.0,12.0,96.0,0.5052631578947369,32.7690370313515,5.737450955053795,0.14334307785385986,0.17508756664300318,17.173373472892127,0.22811465222865807,0.10009552724691256,0.06052952239709049,0.020963517547268412,0.10009552724691256,0.08343062960333686,0.0,0.0,12.0,True,1.173935901920213,0.06964438464386614
Be-H_1.47_hgbs-5_as-001-003,hamiltonian_generator/library/Be-H/1.47/hgbs-5/Be-H_1.47_hgbs-5_as-001-003.tensors.npz,Be-H,1.47,hgbs-5,1,3,4,1e-12,2.475797344914099e-14,2.4535928844215963e-14,False,success,reconstructed_from_full_molecular_pickle,,12.0,5.0,7.0,2.0093311555114344,0.7136125474358378,1.2957186080755965,4.0,4.0,1.0,3.0,3.0,0.5,0.7475727590535405,0.7475727590535405,1.0,0.5578057354121999,2.8389339126975526,0.33559675388870486,0.3367086031183,0.3367086031183,,0.3367086031183,1.0,,0.0,0.0,False,,
Be-H_1.47_hgbs-5_as-003-003,hamiltonian_generator/library/Be-H/1.47/hgbs-5/Be-H_1.47_hgbs-5_as-003-003.tensors.npz,Be-H,1.47,hgbs-5,3,3,6,1e-12,3.533801029576011e-10,3.5402669684714283e-10,True,success,reconstructed_from_full_molecular_pickle,,41.0,27.0,14.0,8.48872272168315,2.017195598725368,6.471527122957784,4.0,6.0,3.0,3.0,9.0,0.6,2.311530438049915,1.29305139934557,0.36968023405616485,0.5593918981384609,5.366859195931146,0.1792152271025883,0.3390878472076913,0.19680409914596927,0.05452035108424726,0.3390878472076913,0.3390878472076913,0.0,0.0,3.0,True,0.9981736013263968,-0.0007939200938983571
Be-H_1.47_hgbs-5_as-003-005,hamiltonian_generator/library/Be-H/1.47/hgbs-5/Be-H_1.47_hgbs-5_as-003-005.tensors.npz,Be-H,1.47,hgbs-5,3,5,8,1e-12,7.122201717280061e-10,7.172934468613335e-10,True,success,reconstructed_from_full_molecular_pickle,,70.0,45.0,25.0,11.114146654765374,2.9518252929675812,8.16232136179779,4.0,8.0,3.0,5.0,15.0,0.5357142857142857,3.3591692060672713,1.3222111286568183,0.3638932435696587,0.39361254153814706,6.877576065708193,0.21461298449120367,0.2420156769226838,0.14392777113858596,0.04583986535448813,0.2420156769226838,0.19148338871752946,0.0,0.0,3.0,True,0.9929271971526765,-0.003082593432076112
Be-H_1.47_hgbs-5_as-003-007,hamiltonian_generator/library/Be-H/1.47/hgbs-5/Be-H_1.47_hgbs-5_as-003-007.tensors.npz,Be-H,1.47,hgbs-5,3,7,10,1e-12,9.787478605360887e-10,9.696070613074426e-10,True,success,active_tensor,,165.0,113.0,52.0,13.808749924674405,3.934578672031627,9.874171252642777,4.0,10.0,3.0,7.0,21.0,0.4666666666666667,4.62285027631396,1.642330705055143,0.3552636591909395,0.30834870527364394,7.858285654163249,0.26533787367596945,0.1930734894859179,0.1129844891361635,0.03289548878640911,0.1930734894859179,0.1940795739886743,0.0,0.0,2.0,True,1.0094273232873536,0.004075056086515714
Be-H_1.47_hgbs-5_as-005-007,hamiltonian_generator/library/Be-H/1.47/hgbs-5/Be-H_1.47_hgbs-5_as-005-007.tensors.npz,Be-H,1.47,hgbs-5,5,7,12,1e-12,1.9134339668269718e-09,1.0133842653914371e-09,True,success,active_tensor,,354.0,273.0,81.0,45.05915773729941,7.423537343954181,37.63562039334523,4.0,12.0,5.0,7.0,35.0,0.5303030303030303,8.76357957281833,3.2220583622200794,0.2188328889756753,0.3676646438190415,9.91657851266534,0.2337102186833761,0.2622754177888818,0.14290826450423794,0.023541111219594048,0.2622754177888818,0.2411975725828498,0.0,0.0,5.0,True,1.8881623014818323,0.27603932238178236
Be-H_1.47_hgbs-5_as-005-009,hamiltonian_generator/library/Be-H/1.47/hgbs-5/Be-H_1.47_hgbs-5_as-005-009.tensors.npz,Be-H,1.47,hgbs-5,5,9,14,1e-12,6.254790463344761e-09,5.750966369788557e-09,True,success,active_tensor,,757.0,575.0,182.0,53.79780770756377,10.901679601849386,42.89612810571433,4.0,14.0,5.0,9.0,45.0,0.4945054945054945,14.10396140150288,3.4211792658243816,0.21742993733476346,0.24256867758159278,11.831006460642842,0.2429978491873873,0.14788976227929188,0.0848385919738731,0.021787421668454328,0.14788976227929188,0.11633012384519156,0.0,0.0,5.0,True,1.0876068579018185,0.036471937366664445
Be-H_1.47_hgbs-5_as-005-011,hamiltonian_generator/library/Be-H/1.47/hgbs-5/Be-H_1.47_hgbs-5_as-005-011.tensors.npz,Be-H,1.47,hgbs-5,5,11,16,1e-12,9.581680449066713e-09,1.101663948954723e-08,True,success,active_tensor,,1232.0,877.0,355.0,63.66023386431723,14.379821859745668,49.28041200457155,4.0,16.0,5.0,11.0,55.0,0.4583333333333333,19.444343230190903,4.307539976205054,0.22153178048805525,0.18618783502071268,13.137226995186035,0.25381939153306443,0.10480661852278395,0.06586067206642647,0.026914725610069003,0.10480661852278395,0.11032203484349166,0.0,0.0,4.0,True,0.869746210553406,-0.060607454778511365
Be-H_1.47_hgbs-5_as-005-013,hamiltonian_generator/library/Be-H/1.47/hgbs-5/Be-H_1.47_hgbs-5_as-005-013.tensors.npz,Be-H,1.47,hgbs-5,5,13,18,1e-12,1.8275003288437123e-08,1.9166564113604068e-08,True,success,active_tensor,,1971.0,1375.0,596.0,73.40601495196388,18.17063943917453,55.23537551278933,4.0,18.0,5.0,13.0,65.0,0.42483660130718953,25.549070120157204,5.9097005387902675,0.2313078523404947,0.15744507860835696,13.889858211971806,0.28994468616649405,0.08723216849238671,0.06318349195900255,0.03913481542561839,0.08723216849238671,0.13522133388305654,0.0,0.0,4.0,True,0.9534835341440184,-0.020686802452415408
Be-H_1.47_hgbs-5_as-005-015,hamiltonian_generator/library/Be-H/1.47/hgbs-5/Be-H_1.47_hgbs-5_as-005-015.tensors.npz,Be-H,1.47,hgbs-5,5,15,20,1e-12,7.312344718624075e-08,3.620750721466948e-08,True,success,active_tensor,,3030.0,2034.0,996.0,87.02516684465267,24.199555736130474,62.82561110852226,4.0,20.0,5.0,15.0,75.0,0.39473684210526316,35.4533365417263,7.856274668510297,0.2215947900774858,0.12344211638214239,14.37271171695826,0.3319018257464264,0.06083083898086687,0.04391216328886207,0.02699348759685727,0.06083083898086687,0.13510532230831757,0.0,0.0,3.0,True,2.019565908050548,0.3052580308338607
BeH2_s-1.00_hgbs-5_as-002-002,hamiltonian_generator/polyatomic_library/BeH2/s-1.00/hgbs-5/BeH2_s-1.00_hgbs-5_as-002-002.tensors.npz,BeH2,s-1.00,hgbs-5,2,2,4,1e-12,3.356681599342437e-11,3.356726008263422e-11,True,success,reconstructed_from_full_molecular_pickle,,12.0,6.0,6.0,3.369924618987218,0.5773778418993815,2.792546777087836,4.0,4.0,2.0,2.0,4.0,0.6666666666666666,0.5883980511614497,0.29419902558072486,0.5,0.5,4.0,0.0,0.0,0.0,0.0,0.0,0.0,0.0,0.0,0.0,True,0.9999867701680519,-5.7456810188348825e-06
BeH2_s-1.00_hgbs-5_as-002-004,hamiltonian_generator/polyatomic_library/BeH2/s-1.00/hgbs-5/BeH2_s-1.00_hgbs-5_as-002-004.tensors.npz,BeH2,s-1.00,hgbs-5,2,4,6,1e-12,6.804501406776353e-11,6.804234953250443e-11,True,success,reconstructed_from_full_molecular_pickle,,27.0,12.0,15.0,5.013749887440352,1.154755683799095,3.858994203641257,4.0,6.0,2.0,4.0,8.0,0.5333333333333333,1.176796102323251,0.5883980511616255,0.5,0.25000000000007466,5.333333333333336,0.16666666666671642,9.956315822324528e-14,4.978157911162264e-14,0.0,9.956315822324528e-14,0.25,0.0,0.0,0.0,True,1.000039159953726,1.7006618827733566e-05
BeH2_s-1.00_hgbs-5_as-004-004,hamiltonian_generator/polyatomic_library/BeH2/s-1.00/hgbs-5/BeH2_s-1.00_hgbs-5_as-004-004.tensors.npz,BeH2,s-1.00,hgbs-5,4,4,8,1e-12,9.388585464620292e-10,9.388605448634735e-10,True,success,reconstructed_from_full_molecular_pickle,,48.0,24.0,24.0,13.578500310932267,2.322211223467711,11.256289087464559,4.0,8.0,4.0,4.0,16.0,0.5714285714285714,2.4130523338521037,0.6181281157644264,0.2561602610489887,0.25000000000007805,7.997572012877629,0.009240391573522104,0.008213681398651654,0.004106840699377856,0.008213681398651654,1.0405718815688393e-13,0.008213681398651654,0.0,0.0,1.0,True,0.9999978714608306,-9.244137995964031e-07
BeH2_s-1.00_hgbs-5_as-004-006,hamiltonian_generator/polyatomic_library/BeH2/s-1.00/hgbs-5/BeH2_s-1.00_hgbs-5_as-004-006.tensors.npz,BeH2,s-1.00,hgbs-5,4,6,10,1e-12,9.80534986538828e-10,9.838373449255755e-10,True,success,active_tensor,,105.0,66.0,39.0,16.376549687492076,3.4578787241256546,12.918670963366434,4.0,10.0,4.0,6.0,24.0,0.5333333333333333,3.7533218943886926,0.9728302544427351,0.2591917991092477,0.1743238753039313,9.588175358596686,0.10827104482607847,0.012255732145663622,0.010722191255190607,0.012255732145663622,0.00918865036471759,0.07398974888655964,0.0,0.0,3.0,True,0.9966433898816909,-0.0014602093022418453
BeH2_s-1.00_hgbs-5_as-004-008,hamiltonian_generator/polyatomic_library/BeH2/s-1.00/hgbs-5/BeH2_s-1.00_hgbs-5_as-004-008.tensors.npz,BeH2,s-1.00,hgbs-5,4,8,12,1e-12,7.418856862173584e-09,8.313777222213048e-09,True,success,active_tensor,,266.0,154.0,112.0,22.5459938402521,5.7864179998000775,16.759575840452,4.0,12.0,4.0,8.0,32.0,0.48484848484848486,7.036203864923257,1.7781426380576488,0.25271334830447567,0.18091068553936152,10.375845204122278,0.21931303655177745,0.06389792633069885,0.033757862034999864,0.003617797739300875,0.06389792633069885,0.10325601796537079,0.0,0.0,2.0,True,0.8923569472551678,-0.04946139089889754
BeH2_s-1.00_hgbs-5_as-006-008,hamiltonian_generator/polyatomic_library/BeH2/s-1.00/hgbs-5/BeH2_s-1.00_hgbs-5_as-006-008.tensors.npz,BeH2,s-1.00,hgbs-5,6,8,14,1e-12,8.352204816652886e-09,8.791160577281687e-09,True,success,active_tensor,,429.0,288.0,141.0,56.81268274568713,9.187119635075106,47.62556311061202,4.0,14.0,6.0,8.0,48.0,0.5274725274725275,11.132782442609958,2.0500715704236927,0.16980215261684517,0.18414727683684762,13.19071613208329,0.13534885959844353,0.06759688781354016,0.03567973547687718,0.0037625831402142056,0.06759688781354016,0.04817182297632224,0.0,0.0,13.0,True,0.9500685083874864,-0.022245077088097098
BeH2_s-1.00_hgbs-5_as-006-010,hamiltonian_generator/polyatomic_library/BeH2/s-1.00/hgbs-5/BeH2_s-1.00_hgbs-5_as-006-010.tensors.npz,BeH2,s-1.00,hgbs-5,6,10,16,1e-12,1.5984710000083172e-08,1.758141843222205e-08,True,success,active_tensor,,728.0,442.0,286.0,66.99255933081784,12.978816331342696,54.01374299947526,4.0,16.0,6.0,10.0,60.0,0.5,16.399865691981493,2.8281588995455738,0.17245012566952705,0.12500538778356227,14.726138632359369,0.16425770174518398,0.0277837642039581,0.017361957503695298,0.0069401508034324984,0.0277837642039581,0.05422871505088808,0.0,0.0,0.0,True,0.9091820470404971,-0.04134914856104063
BeH2_s-1.00_hgbs-5_as-006-012,hamiltonian_generator/polyatomic_library/BeH2/s-1.00/hgbs-5/BeH2_s-1.00_hgbs-5_as-006-012.tensors.npz,BeH2,s-1.00,hgbs-5,6,12,18,1e-12,3.2310002673341394e-08,3.545739735155706e-08,True,success,active_tensor,,1131.0,780.0,351.0,77.76435883830749,17.438536171617613,60.32582266668972,4.0,18.0,6.0,12.0,72.0,0.47058823529411764,23.359977724654044,4.38516608523228,0.18772132991394894,0.12133798428802652,15.519902472287082,0.22467287845172368,0.04145961922330165,0.033362607560020165,0.02526559589673868,0.04145961922330165,0.08618649615319252,0.0,0.0,2.0,True,0.9112344697212398,-0.04036986034403003
BeH2_s-1.00_hgbs-5_as-006-014,hamiltonian_generator/polyatomic_library/BeH2/s-1.00/hgbs-5/BeH2_s-1.00_hgbs-5_as-006-014.tensors.npz,BeH2,s-1.00,hgbs-5,6,14,20,1e-12,7.617367070444915e-08,4.2836995062245364e-08,True,success,active_tensor,,1644.0,1104.0,540.0,87.3966810919751,21.224151575180798,66.1725295167942,4.0,20.0,6.0,14.0,84.0,0.4421052631578947,29.13530890404784,5.1817524521493965,0.17785129614429737,0.1010477459389706,16.43535638548311,0.2517653373858749,0.031897572549660656,0.022659563961408762,0.01342155537315687,0.031897572549660656,0.08650144016033043,0.0,0.0,4.0,True,1.7782216188078341,0.24998588589596188
C-C_1.50_hgbs-5_as-002-002,hamiltonian_generator/comparable_diatomic_library/C-C/1.50/hgbs-5/C-C_1.50_hgbs-5_as-002-002.tensors.npz,C-C,1.50,hgbs-5,2,2,4,1e-12,1.065669774646949e-11,1.065669774646949e-11,True,unavailable,unavailable,missing active tensor (hamiltonian_generator/comparable_diatomic_library/C-C/1.50/hgbs-5/C-C_1.50_hgbs-5_as-002-002.tensors.npz) and full molecular pickle (hamiltonian_generator/comparable_diatomic_library/C-C/1.50/hgbs-5/C-C_1.50_hgbs-5.pickle),,,,,,,,,,,,,,,,,,,,,,,,,,,False,,
C-C_1.50_hgbs-5_as-002-004,hamiltonian_generator/comparable_diatomic_library/C-C/1.50/hgbs-5/C-C_1.50_hgbs-5_as-002-004.tensors.npz,C-C,1.50,hgbs-5,2,4,6,1e-12,1.096611690343252e-11,1.096700508185222e-11,True,unavailable,unavailable,missing active tensor (hamiltonian_generator/comparable_diatomic_library/C-C/1.50/hgbs-5/C-C_1.50_hgbs-5_as-002-004.tensors.npz) and full molecular pickle (hamiltonian_generator/comparable_diatomic_library/C-C/1.50/hgbs-5/C-C_1.50_hgbs-5.pickle),,,,,,,,,,,,,,,,,,,,,,,,,,,False,,
C-C_1.50_hgbs-5_as-004-004,hamiltonian_generator/comparable_diatomic_library/C-C/1.50/hgbs-5/C-C_1.50_hgbs-5_as-004-004.tensors.npz,C-C,1.50,hgbs-5,4,4,8,1e-12,3.689726302269491e-11,3.6898151201114615e-11,True,unavailable,unavailable,missing active tensor (hamiltonian_generator/comparable_diatomic_library/C-C/1.50/hgbs-5/C-C_1.50_hgbs-5_as-004-004.tensors.npz) and full molecular pickle (hamiltonian_generator/comparable_diatomic_library/C-C/1.50/hgbs-5/C-C_1.50_hgbs-5.pickle),,,,,,,,,,,,,,,,,,,,,,,,,,,False,,
C-C_1.50_hgbs-5_as-004-006,hamiltonian_generator/comparable_diatomic_library/C-C/1.50/hgbs-5/C-C_1.50_hgbs-5_as-004-006.tensors.npz,C-C,1.50,hgbs-5,4,6,10,1e-12,4.4863668335892726e-11,4.591849123158909e-11,True,unavailable,unavailable,missing active tensor (hamiltonian_generator/comparable_diatomic_library/C-C/1.50/hgbs-5/C-C_1.50_hgbs-5_as-004-006.tensors.npz) and full molecular pickle (hamiltonian_generator/comparable_diatomic_library/C-C/1.50/hgbs-5/C-C_1.50_hgbs-5.pickle),,,,,,,,,,,,,,,,,,,,,,,,,,,False,,
C-C_1.50_hgbs-5_as-004-008,hamiltonian_generator/comparable_diatomic_library/C-C/1.50/hgbs-5/C-C_1.50_hgbs-5_as-004-008.tensors.npz,C-C,1.50,hgbs-5,4,8,12,1e-12,1.3249612518251294e-10,7.892042575008418e-11,True,unavailable,unavailable,missing active tensor (hamiltonian_generator/comparable_diatomic_library/C-C/1.50/hgbs-5/C-C_1.50_hgbs-5_as-004-008.tensors.npz) and full molecular pickle (hamiltonian_generator/comparable_diatomic_library/C-C/1.50/hgbs-5/C-C_1.50_hgbs-5.pickle),,,,,,,,,,,,,,,,,,,,,,,,,,,False,,
C-C_1.50_hgbs-5_as-006-008,hamiltonian_generator/comparable_diatomic_library/C-C/1.50/hgbs-5/C-C_1.50_hgbs-5_as-006-008.tensors.npz,C-C,1.50,hgbs-5,6,8,14,1e-12,2.5216247534487486e-08,2.5177490869943145e-08,True,unavailable,unavailable,missing active tensor (hamiltonian_generator/comparable_diatomic_library/C-C/1.50/hgbs-5/C-C_1.50_hgbs-5_as-006-008.tensors.npz) and full molecular pickle (hamiltonian_generator/comparable_diatomic_library/C-C/1.50/hgbs-5/C-C_1.50_hgbs-5.pickle),,,,,,,,,,,,,,,,,,,,,,,,,,,False,,
C-C_1.50_hgbs-5_as-006-010,hamiltonian_generator/comparable_diatomic_library/C-C/1.50/hgbs-5/C-C_1.50_hgbs-5_as-006-010.tensors.npz,C-C,1.50,hgbs-5,6,10,16,1e-12,4.7945307724006625e-08,4.7707500838711794e-08,True,unavailable,unavailable,missing active tensor (hamiltonian_generator/comparable_diatomic_library/C-C/1.50/hgbs-5/C-C_1.50_hgbs-5_as-006-010.tensors.npz) and full molecular pickle (hamiltonian_generator/comparable_diatomic_library/C-C/1.50/hgbs-5/C-C_1.50_hgbs-5.pickle),,,,,,,,,,,,,,,,,,,,,,,,,,,False,,
C-C_1.50_hgbs-5_as-008-010,hamiltonian_generator/comparable_diatomic_library/C-C/1.50/hgbs-5/C-C_1.50_hgbs-5_as-008-010.tensors.npz,C-C,1.50,hgbs-5,8,10,18,1e-12,1.1120937581932112e-07,1.639406108422392e-06,True,unavailable,unavailable,missing active tensor (hamiltonian_generator/comparable_diatomic_library/C-C/1.50/hgbs-5/C-C_1.50_hgbs-5_as-008-010.tensors.npz) and full molecular pickle (hamiltonian_generator/comparable_diatomic_library/C-C/1.50/hgbs-5/C-C_1.50_hgbs-5.pickle),,,,,,,,,,,,,,,,,,,,,,,,,,,False,,
C-C_1.50_hgbs-5_as-008-012,hamiltonian_generator/comparable_diatomic_library/C-C/1.50/hgbs-5/C-C_1.50_hgbs-5_as-008-012.tensors.npz,C-C,1.50,hgbs-5,8,12,20,1e-12,1.7058493562149837e-07,1.6478861643021148e-06,True,unavailable,unavailable,missing active tensor (hamiltonian_generator/comparable_diatomic_library/C-C/1.50/hgbs-5/C-C_1.50_hgbs-5_as-008-012.tensors.npz) and full molecular pickle (hamiltonian_generator/comparable_diatomic_library/C-C/1.50/hgbs-5/C-C_1.50_hgbs-5.pickle),,,,,,,,,,,,,,,,,,,,,,,,,,,False,,
CH4_s-1.00_hgbs-5_as-002-002,hamiltonian_generator/polyatomic_library/CH4/s-1.00/hgbs-5/CH4_s-1.00_hgbs-5_as-002-002.tensors.npz,CH4,s-1.00,hgbs-5,2,2,4,1e-12,1.5720758028692217e-13,1.624256285026604e-13,False,success,reconstructed_from_full_molecular_pickle,,18.0,12.0,6.0,3.5871621930701063,0.4802323658648765,3.1069298272052293,4.0,4.0,2.0,2.0,4.0,0.6666666666666666,0.506714307795012,0.253357153897506,0.5,0.5,4.0,0.0,0.0,0.0,0.0,0.0,0.0,0.0,0.0,0.0,False,,
CH4_s-1.00_hgbs-5_as-002-004,hamiltonian_generator/polyatomic_library/CH4/s-1.00/hgbs-5/CH4_s-1.00_hgbs-5_as-002-004.tensors.npz,CH4,s-1.00,hgbs-5,2,4,6,1e-12,6.246114736541133e-13,5.601075159233915e-13,False,success,reconstructed_from_full_molecular_pickle,,69.0,48.0,21.0,4.8721907485555,0.9546882863467204,3.917502462208779,4.0,6.0,2.0,4.0,8.0,0.5333333333333333,1.0122668075872399,0.5061334037936199,0.5,0.25483779436077536,5.3326676954095,0.16989186290718356,0.006450392481033829,0.0032251962405169146,0.0,0.006450392481033829,0.25,0.0,0.0,0.0,False,,
CH4_s-1.00_hgbs-5_as-004-004,hamiltonian_generator/polyatomic_library/CH4/s-1.00/hgbs-5/CH4_s-1.00_hgbs-5_as-004-004.tensors.npz,CH4,s-1.00,hgbs-5,4,4,8,1e-12,3.7623237858497305e-12,1.6414425374478014e-11,True,success,reconstructed_from_full_molecular_pickle,,198.0,162.0,36.0,14.649688834932297,2.09429308472297,12.555395750209327,4.0,8.0,4.0,4.0,16.0,0.5714285714285714,2.3342888450476558,0.6148265928671944,0.2591242315736058,0.26338925200777474,7.983233697457624,0.024645993798465052,0.017852336010366343,0.015008989054253723,0.012165642098141105,0.017852336010366343,0.017852336010366343,0.0,0.0,6.0,True,0.22920837617012066,-0.6397695155964725
CH4_s-1.00_hgbs-5_as-004-006,hamiltonian_generator/polyatomic_library/CH4/s-1.00/hgbs-5/CH4_s-1.00_hgbs-5_as-004-006.tensors.npz,CH4,s-1.00,hgbs-5,4,6,10,1e-12,1.6828316518058273e-11,3.7086667070695967e-11,True,success,active_tensor,,447.0,366.0,81.0,17.334936525003243,3.190156196463799,14.144780328539436,4.0,10.0,4.0,6.0,24.0,0.5333333333333333,3.616014298049748,0.9140989858501773,0.25279186156514516,0.17268424066242563,9.591584844592001,0.10773228492524603,0.007221088794910791,0.005471785440885497,0.003722482086860203,0.007221088794910791,0.06598982695643145,0.0,0.0,2.0,True,0.4537565073178325,-0.3431771336980634
CH4_s-1.00_hgbs-5_as-004-008,hamiltonian_generator/polyatomic_library/CH4/s-1.00/hgbs-5/CH4_s-1.00_hgbs-5_as-004-008.tensors.npz,CH4,s-1.00,hgbs-5,4,8,12,1e-12,4.3549508443874174e-10,4.4840897661657664e-10,True,success,active_tensor,,848.0,686.0,162.0,21.930559165633653,4.938396613636352,16.992162551997357,4.0,12.0,4.0,8.0,32.0,0.48484848484848486,5.717960128526329,1.449800805287785,0.2535521012213559,0.16429687177159605,10.546486488233771,0.19723128817299435,0.044910710596109765,0.024823422778958836,0.004736134961807908,0.044910710596109765,0.10426252146562713,0.0,0.0,2.0,True,0.9712006385882921,-0.012691040709426902
CH4_s-1.00_hgbs-5_as-006-008,hamiltonian_generator/polyatomic_library/CH4/s-1.00/hgbs-5/CH4_s-1.00_hgbs-5_as-006-008.tensors.npz,CH4,s-1.00,hgbs-5,6,8,14,1e-12,6.84773238113223e-10,6.924119055895517e-10,True,success,active_tensor,,1539.0,1350.0,189.0,39.962791313435794,8.011768182183136,31.951023131252544,4.0,14.0,6.0,8.0,48.0,0.5274725274725275,9.700792626569367,1.62071355801743,0.16707021997135368,0.15038861640102624,13.632976290417378,0.0874004914154453,0.02901556160117286,0.014749912783398638,0.0004842639656244157,0.02901556160117286,0.028248589966579286,0.0,0.0,4.0,True,0.9889680298465915,-0.004817747518724002
CH4_s-1.00_hgbs-5_as-006-010,hamiltonian_generator/polyatomic_library/CH4/s-1.00/hgbs-5/CH4_s-1.00_hgbs-5_as-006-010.tensors.npz,CH4,s-1.00,hgbs-5,6,10,16,1e-12,4.830003064171251e-09,1.2213240641045786e-08,True,success,active_tensor,,2732.0,2292.0,440.0,48.274838970966954,11.886961509685605,36.38787746128112,4.0,16.0,6.0,10.0,60.0,0.5,15.58272110934804,2.7099969083487423,0.17391037735527598,0.15504247303855287,14.520246309745003,0.1748032935598909,0.06115830337616986,0.03492537810125051,0.008692452826331156,0.06115830337616986,0.0558975741203154,0.0,0.0,2.0,True,0.3954726846156428,-0.40288350794475025
CH4_s-1.00_hgbs-5_as-008-010,hamiltonian_generator/polyatomic_library/CH4/s-1.00/hgbs-5/CH4_s-1.00_hgbs-5_as-008-010.tensors.npz,CH4,s-1.00,hgbs-5,8,10,18,1e-12,8.109672803291446e-07,1.585044362428789e-08,True,success,active_tensor,,4131.0,3616.0,515.0,78.21267813542562,18.08361068678458,60.12906744864152,4.0,18.0,8.0,10.0,80.0,0.5228758169934641,26.282518701415256,3.901375806032124,0.13282780366777824,0.14843995167868151,16.8574706334565,0.14186405767729965,0.053822168531868345,0.03138411493323603,0.008946061334603716,0.053822168531868345,0.041994945638516704,0.0,0.0,17.0,True,51.163696080183286,1.7089619104987055
CH4_s-1.00_hgbs-5_as-008-012,hamiltonian_generator/polyatomic_library/CH4/s-1.00/hgbs-5/CH4_s-1.00_hgbs-5_as-008-012.tensors.npz,CH4,s-1.00,hgbs-5,8,12,20,1e-12,7.757581350631426e-07,3.320380637106268e-08,True,success,active_tensor,,6490.0,5528.0,962.0,90.5539972169408,24.013391909695514,66.5406053072455,4.0,20.0,8.0,12.0,96.0,0.5052631578947369,36.61564144042819,4.800940431014122,0.13111720134208246,0.11167370988711561,18.42224662183563,0.15432521013621037,0.03091677442230795,0.01895393083520111,0.006991087248094269,0.03091677442230795,0.03457466815786942,0.0,0.0,7.0,True,23.36353026498855,1.368538465956023
F-F_1.28_hgbs-5_as-004-002,hamiltonian_generator/hgbs5_diatomic_basis_transfer/lower/F-F/1.28/hgbs-5/F-F_1.28_hgbs-5_as-004-002.tensors.npz,F-F,1.28,hgbs-5,4,2,6,1e-12,1.992184195387381e-12,1.992184195387381e-12,True,success,active_tensor,,27.0,12.0,15.0,15.6539764769834,0.8183246080093105,14.835651868974088,4.0,6.0,4.0,2.0,8.0,0.5333333333333333,0.8205356205377841,0.4102678102688921,0.25000000000000117,0.5000000000000001,5.333333333333334,0.16666666666666743,1.5109021633359673e-15,7.554510816679837e-16,1.5109021633359673e-15,0.0,0.25000000000000006,0.0,0.0,4.0,True,1.0,0.0
F-F_1.28_hgbs-5_as-006-002,hamiltonian_generator/hgbs5_diatomic_basis_transfer/lower/F-F/1.28/hgbs-5/F-F_1.28_hgbs-5_as-006-002.tensors.npz,F-F,1.28,hgbs-5,6,2,8,1e-12,1.989997056028869e-11,1.9901191805615775e-11,True,success,active_tensor,,48.0,18.0,30.0,34.58582416403121,1.2300437068480117,33.35578045718319,4.0,8.0,6.0,2.0,12.0,0.42857142857142855,1.2364838659352768,0.6182419329676384,0.168198007615275,0.5,5.999936685530404,0.25114850571145664,0.0018376091383300061,0.0009188045691650031,0.0018376091383300061,0.0,0.33333333333333337,0.0,0.0,6.0,True,0.9999386345632456,-2.665148831048863e-05
F-F_1.28_hgbs-5_as-008-002,hamiltonian_generator/hgbs5_diatomic_basis_transfer/lower/F-F/1.28/hgbs-5/F-F_1.28_hgbs-5_as-008-002.tensors.npz,F-F,1.28,hgbs-5,8,2,10,1e-12,2.1303736552624735e-11,2.130340348571735e-11,True,success,active_tensor,,121.0,60.0,61.0,60.43961710647072,1.7392068809337367,58.70041022553694,4.0,10.0,8.0,2.0,16.0,0.35555555555555557,1.9484067933449536,0.9742033966724768,0.13263861777897915,0.5,6.392752320534322,0.3148600740789431,0.008729848890261883,0.004364924445130942,0.008729848890261883,0.0,0.37500000000000006,0.0,0.0,8.0,True,1.0000156344458109,6.789900465251205e-06
F-F_1.28_hgbs-5_as-010-002,hamiltonian_generator/hgbs5_diatomic_basis_transfer/lower/F-F/1.28/hgbs-5/F-F_1.28_hgbs-5_as-010-002.tensors.npz,F-F,1.28,hgbs-5,10,2,12,1e-12,2.2780555219981125e-11,2.2741253324909388e-11,True,success,active_tensor,,230.0,102.0,128.0,95.68012734712016,2.2483700550194623,93.43175729210091,4.0,12.0,10.0,2.0,20.0,0.30303030303030304,2.6603297207546306,1.3301648603773155,0.11611111313470118,0.5000000000000001,6.65946328028312,0.34689759596734376,0.017901236816334626,0.008950618408167355,0.017901236816334626,8.346506945840007e-17,0.4000000000000001,0.0,0.0,11.0,True,1.0017282202748556,0.0007499087116509952
F-F_1.28_hgbs-5_as-012-002,hamiltonian_generator/hgbs5_diatomic_basis_transfer/screen/F-F/1.28/hgbs-5/F-F_1.28_hgbs-5_as-012-002.tensors.npz,F-F,1.28,hgbs-5,12,2,14,1e-12,3.913758206408602e-11,5.937028646485487e-11,True,success,active_tensor,,387.0,154.0,233.0,140.50970750432754,3.0771405304038746,137.4325669739237,4.0,14.0,12.0,2.0,24.0,0.26373626373626374,3.7937714511853757,1.8968857255926883,0.11147900701367736,0.5000000000000001,6.827320048468469,0.3929128098379832,0.030704371287648007,0.015352185643824033,0.030704371287648007,5.85287247221107e-17,0.4166666666666668,0.0,0.0,13.0,True,0.6592116089460692,-0.18097515316648483
F-F_1.28_hgbs-5_as-014-002,hamiltonian_generator/hgbs5_diatomic_basis_transfer/night/F-F/1.28/hgbs-5/F-F_1.28_hgbs-5_as-014-002.tensors.npz,F-F,1.28,hgbs-5,14,2,16,1e-12,1.05953456452923e-07,5.858635798716705e-11,True,success,active_tensor,,656.0,266.0,390.0,200.31512107047794,3.8639973654734026,196.45112370500448,4.0,16.0,14.0,2.0,28.0,0.23333333333333334,5.242835404482431,2.6214177022412155,0.0996514251806268,0.5,6.969860202524829,0.4152040200157016,0.03039384250221346,0.01519692125110673,0.03039384250221346,0.0,0.4285714285714286,0.0,0.0,14.0,True,1808.5004784924745,3.257318628003148
F-F_1.28_hgbs-5_as-016-002,hamiltonian_generator/hgbs5_diatomic_basis_transfer/night/F-F/1.28/hgbs-5/F-F_1.28_hgbs-5_as-016-002.tensors.npz,F-F,1.28,hgbs-5,16,2,18,1e-12,2.284363520566047e-07,7.419931336016816e-11,True,success,active_tensor,,1027.0,368.0,659.0,336.3556468745751,4.503128497687969,331.8525183768876,4.0,18.0,16.0,2.0,32.0,0.20915032679738563,6.05701429410294,3.02850714705147,0.09710572552727247,0.5,7.068627753177814,0.4379981866093453,0.036912773895757305,0.018456386947878652,0.036912773895757305,0.0,0.4375,0.0,0.0,16.0,True,3078.6855256700314,3.488365329877147
F-F_1.28_hgbs-5_as-018-002,hamiltonian_generator/hgbs5_diatomic_basis_transfer/night/F-F/1.28/hgbs-5/F-F_1.28_hgbs-5_as-018-002.tensors.npz,F-F,1.28,hgbs-5,18,2,20,1e-12,4.323640876435775e-07,9.923806221223683e-11,True,success,active_tensor,,1580.0,550.0,1030.0,516.3326288652306,5.481568744411938,510.85106012081894,4.0,20.0,18.0,2.0,36.0,0.18947368421052632,7.925744829012573,3.962872414506287,0.08363842826604904,0.5000000000000001,7.157432006858833,0.45763788799503213,0.029734806399346055,0.014867403199673055,0.029734806399346055,5.603122727651444e-17,0.44444444444444453,0.0,0.0,18.0,True,4356.837265916138,3.6391713387205784
H2O_s-1.00_hgbs-5_as-002-002,hamiltonian_generator/polyatomic_library/H2O/s-1.00/hgbs-5/H2O_s-1.00_hgbs-5_as-002-002.tensors.npz,H2O,s-1.00,hgbs-5,2,2,4,1e-12,2.3072654897760003e-12,2.305711177541525e-12,True,success,reconstructed_from_full_molecular_pickle,,12.0,6.0,6.0,4.171878399268114,0.42858364069703914,3.743294758571075,4.0,4.0,2.0,2.0,4.0,0.6666666666666666,0.43049831524944543,0.21524915762472271,0.5,0.5,4.0,0.0,0.0,0.0,0.0,0.0,0.0,0.0,0.0,0.0,True,1.0006741140215716,0.0002926653659080065
H2O_s-1.00_hgbs-5_as-002-004,hamiltonian_generator/polyatomic_library/H2O/s-1.00/hgbs-5/H2O_s-1.00_hgbs-5_as-002-004.tensors.npz,H2O,s-1.00,hgbs-5,2,4,6,1e-12,2.364886064754046e-12,2.3645529978466584e-12,True,success,reconstructed_from_full_molecular_pickle,,27.0,12.0,15.0,5.275377528011066,0.8063581833800638,4.469019344631003,4.0,6.0,2.0,4.0,8.0,0.5333333333333333,0.808553830646424,0.40427691532321197,0.49999999999999994,0.2662149995042815,5.3258650160112,0.17747666633618772,0.021619999339042066,0.010809999669521033,0.0,0.021619999339042066,0.24999999999999997,0.0,0.0,0.0,True,1.0001408582965536,6.11696728967058e-05
H2O_s-1.00_hgbs-5_as-004-004,hamiltonian_generator/polyatomic_library/H2O/s-1.00/hgbs-5/H2O_s-1.00_hgbs-5_as-004-004.tensors.npz,H2O,s-1.00,hgbs-5,4,4,8,1e-12,3.0613289681014066e-12,3.853439789480717e-11,True,success,reconstructed_from_full_molecular_pickle,,70.0,46.0,24.0,18.146039678720214,1.8471229760239627,16.29891670269624,4.0,8.0,4.0,4.0,16.0,0.5714285714285714,1.9824294354977032,0.6123179041859943,0.2755306095334294,0.30887248404494533,7.744866657025993,0.10107403083413265,0.07849664539326043,0.056268729052249805,0.03404081271123919,0.07849664539326043,0.07849664539326043,0.0,0.0,4.0,True,0.07944405869421788,-1.0999385764024592
H2O_s-1.00_hgbs-5_as-004-006,hamiltonian_generator/polyatomic_library/H2O/s-1.00/hgbs-5/H2O_s-1.00_hgbs-5_as-004-006.tensors.npz,H2O,s-1.00,hgbs-5,4,6,10,1e-12,4.069189429856124e-12,5.730838026352103e-11,True,success,active_tensor,,153.0,114.0,39.0,20.4241997671592,2.748692335630863,17.675507431528324,4.0,10.0,4.0,6.0,24.0,0.5333333333333333,2.9879289907014086,0.7631360879294784,0.25540636685289303,0.2069241648744139,9.452321664589073,0.13414233144093166,0.048308997849296674,0.027758743493243702,0.007208489137190732,0.048308997849296674,0.0692579585661163,0.0,0.0,0.0,True,0.071005137663022,-1.1487102262390139
H2O_s-1.00_hgbs-5_as-004-008,hamiltonian_generator/polyatomic_library/H2O/s-1.00/hgbs-5/H2O_s-1.00_hgbs-5_as-004-008.tensors.npz,H2O,s-1.00,hgbs-5,4,8,12,1e-12,4.44114744979629e-10,5.796633173460464e-10,True,success,active_tensor,,314.0,232.0,82.0,25.539756560986486,4.835530731733525,20.704225829253,4.0,12.0,4.0,8.0,32.0,0.48484848484848486,5.6821173407140115,1.492844258640782,0.262726756440618,0.20218562416553934,10.075106153770047,0.2466122500037924,0.08821214190347354,0.05259057524548208,0.016969008587490623,0.08821214190347354,0.11527210772874157,0.0,0.0,0.0,True,0.7661598236248269,-0.11568062556557109
H2O_s-1.00_hgbs-5_as-006-008,hamiltonian_generator/polyatomic_library/H2O/s-1.00/hgbs-5/H2O_s-1.00_hgbs-5_as-006-008.tensors.npz,H2O,s-1.00,hgbs-5,6,8,14,1e-12,1.7881518488138681e-09,9.111570387076995e-10,True,success,active_tensor,,503.0,406.0,97.0,48.02932551116279,7.562853634646133,40.46647187651674,4.0,14.0,6.0,8.0,48.0,0.5274725274725275,9.049127810507795,1.7508305203945995,0.18425718953382536,0.19348058255532044,12.988188770951396,0.15487885551638475,0.07826352292036626,0.04968607518047835,0.02110862744059045,0.07826352292036626,0.05906067964787388,0.0,0.0,13.0,True,1.962506761018953,0.2928111616048904
H2O_s-1.00_hgbs-5_as-006-010,hamiltonian_generator/polyatomic_library/H2O/s-1.00/hgbs-5/H2O_s-1.00_hgbs-5_as-006-010.tensors.npz,H2O,s-1.00,hgbs-5,6,10,16,1e-12,3.0074444312688797e-07,2.104907914635134e-09,True,success,active_tensor,,840.0,660.0,180.0,55.30368096959014,10.748389680106289,44.55529128948393,4.0,16.0,6.0,10.0,60.0,0.5,13.491679477407782,2.497827567345328,0.1851383715072697,0.13943114436701917,14.345372629376325,0.19081672484754442,0.043812382630021296,0.03298921421937246,0.022166045808723625,0.043812382630021296,0.06872956743687963,0.0,0.0,0.0,True,142.87771975004387,2.1549645104983095
H2O_s-1.00_hgbs-5_as-008-010,hamiltonian_generator/polyatomic_library/H2O/s-1.00/hgbs-5/H2O_s-1.00_hgbs-5_as-008-010.tensors.npz,H2O,s-1.00,hgbs-5,8,10,18,1e-12,1.538420068669666e-06,1.2894464385126982e-08,True,success,active_tensor,,1367.0,1144.0,223.0,92.60836006140313,16.4985600454853,76.1098000159178,4.0,18.0,8.0,10.0,80.0,0.5228758169934641,22.447259882178066,3.640412036410983,0.1425737485018187,0.16217623244524723,16.38689811297357,0.17664714087626848,0.06908470271694137,0.044584493359509925,0.02008428400207848,0.06908470271694137,0.05744826150090311,0.0,0.0,14.0,True,119.3085670502254,2.0766716296640944
H2O_s-1.00_hgbs-5_as-008-012,hamiltonian_generator/polyatomic_library/H2O/s-1.00/hgbs-5/H2O_s-1.00_hgbs-5_as-008-012.tensors.npz,H2O,s-1.00,hgbs-5,8,12,20,1e-12,2.802665896251e-06,1.812756889041367e-08,True,success,active_tensor,,1968.0,1622.0,346.0,102.22564719769127,20.861372558052683,81.36427463963858,4.0,20.0,8.0,12.0,96.0,0.5052631578947369,29.00571721172458,3.911726577517506,0.13486053625098168,0.1314923970875891,18.2615079149989,0.17087853993955043,0.052537160459188124,0.031903172373012156,0.011269184286836192,0.052537160459188124,0.038733929167757426,0.0,0.0,0.0,True,154.6079296784867,2.1892317646618253
Li-H_1.81_hgbs-5_as-002-002,hamiltonian_generator/library/Li-H/1.81/hgbs-5/Li-H_1.81_hgbs-5_as-002-002.tensors.npz,Li-H,1.81,hgbs-5,2,2,4,1e-12,8.629119641057059e-11,2.5743840392777884e-10,True,success,reconstructed_from_full_molecular_pickle,,18.0,12.0,6.0,3.5013870842534027,0.7628291570078584,2.7385579272455445,4.0,4.0,2.0,2.0,4.0,0.6666666666666666,0.8944072860857417,0.44720364304287086,0.5,0.5,4.0,0.0,0.0,0.0,0.0,0.0,0.0,0.0,0.0,0.0,True,0.3351916229047882,-0.47470684377590916
Li-H_1.81_hgbs-5_as-002-004,hamiltonian_generator/library/Li-H/1.81/hgbs-5/Li-H_1.81_hgbs-5_as-002-004.tensors.npz,Li-H,1.81,hgbs-5,2,4,6,1e-12,9.358580577156772e-11,2.6710145206720876e-10,True,success,reconstructed_from_full_molecular_pickle,,41.0,26.0,15.0,4.682457241619583,1.1498618264023202,3.5325954152172634,4.0,6.0,2.0,4.0,8.0,0.5333333333333333,1.2997098400537341,0.6498549200268671,0.5,0.34668681348336783,5.080053001717168,0.2311245423222453,0.1289157513111571,0.06445787565557855,0.0,0.1289157513111571,0.25,0.0,0.0,0.0,True,0.35037550356715924,-0.45546626505390114
Li-H_1.81_hgbs-5_as-004-004,hamiltonian_generator/library/Li-H/1.81/hgbs-5/Li-H_1.81_hgbs-5_as-004-004.tensors.npz,Li-H,1.81,hgbs-5,4,4,8,1e-12,4.884963544782295e-10,3.946794002729347e-10,True,success,reconstructed_from_full_molecular_pickle,,114.0,84.0,30.0,21.47077979266949,2.740072821585688,18.730706971083812,4.0,8.0,4.0,4.0,16.0,0.5714285714285714,3.119008041605038,1.1592061284488426,0.2831292604872657,0.3716585892007885,7.097314676981465,0.19905251404481553,0.16221145226771796,0.10319189979203613,0.04417234731635431,0.16221145226771796,0.162211452267718,0.0,0.0,4.0,True,1.2377042078720528,0.09261686743222823
Li-H_1.81_hgbs-5_as-004-006,hamiltonian_generator/library/Li-H/1.81/hgbs-5/Li-H_1.81_hgbs-5_as-004-006.tensors.npz,Li-H,1.81,hgbs-5,4,6,10,1e-12,4.990103885660344e-10,4.03675204374565e-10,True,success,active_tensor,,165.0,120.0,45.0,23.74521796892217,3.526535284712638,20.218682684209547,4.0,10.0,4.0,6.0,24.0,0.5333333333333333,3.9272608457942333,1.1630346381892303,0.2760087326021202,0.29614397511556756,8.516697773180823,0.22500505820266975,0.1553727701386811,0.09502554013742068,0.034678310136160254,0.1553727701386811,0.12017996889445945,0.0,0.0,4.0,True,1.2361680458902031,0.09207751318161207
Li-H_1.81_hgbs-5_as-004-008,hamiltonian_generator/library/Li-H/1.81/hgbs-5/Li-H_1.81_hgbs-5_as-004-008.tensors.npz,Li-H,1.81,hgbs-5,4,8,12,1e-12,6.200369107034476e-10,9.201023276617091e-10,True,success,active_tensor,,354.0,266.0,88.0,27.49080704230107,5.016833613696535,22.473973428604523,4.0,12.0,4.0,8.0,32.0,0.48484848484848486,6.099024592425911,1.6579167236213102,0.27183309371800174,0.22701529761556016,9.710560073835326,0.26655745706293466,0.1165889115606402,0.0728498515923213,0.029110791624002385,0.1165889115606402,0.12619971246160214,0.0,0.0,0.0,True,0.6738782112193661,-0.17141858562292075
Li-H_1.81_hgbs-5_as-004-010,hamiltonian_generator/library/Li-H/1.81/hgbs-5/Li-H_1.81_hgbs-5_as-004-010.tensors.npz,Li-H,1.81,hgbs-5,4,10,14,1e-12,1.3072471993780255e-09,1.3327076109348464e-09,True,success,active_tensor,,757.0,530.0,227.0,32.823690040438954,6.749920387919186,26.073769652519697,4.0,14.0,4.0,10.0,40.0,0.43956043956043955,8.484557717581879,2.2159551364270658,0.2611750912879191,0.16787943342325776,10.901675096195222,0.2966553924855832,0.07542159269250863,0.04516085720486708,0.014900121717225538,0.07542159269250863,0.13803760650257232,0.0,0.0,0.0,True,0.980895725853204,-0.008377157852998968
Li-H_1.81_hgbs-5_as-004-012,hamiltonian_generator/library/Li-H/1.81/hgbs-5/Li-H_1.81_hgbs-5_as-004-012.tensors.npz,Li-H,1.81,hgbs-5,4,12,16,1e-12,1.706635166520698e-09,1.783667880062012e-09,True,success,active_tensor,,1232.0,794.0,438.0,38.875230673729966,8.48300716214221,30.39222351158783,4.0,16.0,4.0,12.0,48.0,0.4,10.870090842739328,2.773993549233186,0.2551950659258817,0.13469929765242164,11.70730469195082,0.3114306812801758,0.05603559743900544,0.0314811760034239,0.006926754567842362,0.05603559743900544,0.14879436105815055,0.0,0.0,0.0,True,0.956812187738316,-0.019173301338747357
Li-H_1.81_hgbs-5_as-004-014,hamiltonian_generator/library/Li-H/1.81/hgbs-5/Li-H_1.81_hgbs-5_as-004-014.tensors.npz,Li-H,1.81,hgbs-5,4,14,18,1e-12,4.197696967800368e-09,6.94664092915076e-09,True,success,active_tensor,,1963.0,1210.0,753.0,46.44066874259741,11.070103518835273,35.37056522376223,4.0,18.0,4.0,14.0,56.0,0.3660130718954248,15.046515066887125,4.014975708846634,0.26683758272255304,0.10939090028753415,12.092351768321132,0.35392480659708914,0.040882508001959854,0.03166630914934862,0.022450110296737387,0.040882508001959854,0.17519228056287214,0.0,0.0,2.0,True,0.6042772342219715,-0.21876376722434845
Li-H_1.81_hgbs-5_as-004-016,hamiltonian_generator/library/Li-H/1.81/hgbs-5/Li-H_1.81_hgbs-5_as-004-016.tensors.npz,Li-H,1.81,hgbs-5,4,16,20,1e-12,1.9565392528342332e-08,1.1573399016917564e-08,True,success,active_tensor,,3022.0,1772.0,1250.0,57.49542094174592,14.494436361475177,43.00098458027081,4.0,20.0,4.0,16.0,64.0,0.3368421052631579,20.522617884071725,5.1745104029463125,0.25213695602462194,0.0972244416518039,12.417920567262021,0.38805586544381304,0.03703940442859082,0.019944339564043366,0.0028492746994959097,0.03703940442859082,0.16904106224957996,0.0,0.0,2.0,True,1.6905485155866802,0.2280276387215707
Li-Li_2.66_hgbs-5_as-006-002,hamiltonian_generator/hgbs5_diatomic_basis_transfer/lower/Li-Li/2.66/hgbs-5/Li-Li_2.66_hgbs-5_as-006-002.tensors.npz,Li-Li,2.66,hgbs-5,6,2,8,1e-12,2.1449464426837034e-10,1.3742829096941023e-10,True,success,active_tensor,,110.0,66.0,44.0,35.856109210542044,2.2692585088941186,33.5868507016479,4.0,8.0,6.0,2.0,12.0,0.42857142857142855,3.3318269960797,1.6659134980398502,0.19190894259106037,0.5000000000000001,5.970790643827131,0.278116761313335,0.03029073110927244,0.015145365554636253,0.03029073110927244,6.664349775252251e-17,0.33333333333333337,0.0,0.0,6.0,True,1.5607750249627574,0.1933403069966355
Li-Li_2.66_hgbs-5_as-006-004,hamiltonian_generator/hgbs5_diatomic_basis_transfer/lower/Li-Li/2.66/hgbs-5/Li-Li_2.66_hgbs-5_as-006-004.tensors.npz,Li-Li,2.66,hgbs-5,6,4,10,1e-12,2.9565405679221607e-10,2.1352131174268152e-10,True,success,active_tensor,,153.0,100.0,53.0,38.78383736282985,3.5478516487842633,35.235985714045555,4.0,10.0,6.0,4.0,24.0,0.5333333333333333,4.666049323349809,1.6665310986588304,0.18315648459191078,0.3571610549248136,8.622649582608664,0.18572493945284885,0.1428814065664181,0.08133459403835554,0.01978778151029297,0.1428814065664181,0.19645131865601698,0.0,0.0,6.0,True,1.3846583012215392,0.1413426136871944
Li-Li_2.66_hgbs-5_as-006-006,hamiltonian_generator/hgbs5_diatomic_basis_transfer/lower/Li-Li/2.66/hgbs-5/Li-Li_2.66_hgbs-5_as-006-006.tensors.npz,Li-Li,2.66,hgbs-5,6,6,12,1e-12,3.7284275666849e-10,2.8558178044590927e-10,True,success,active_tensor,,202.0,134.0,68.0,42.02281076328261,4.8264447886743564,37.19636597460821,4.0,12.0,6.0,6.0,36.0,0.5454545454545454,6.0002716506198635,1.6671486992778104,0.1782964253243264,0.2778455370609069,10.781482674079317,0.17485116902624678,0.13341464447308832,0.07368517743114002,0.013955710389191727,0.13341464447308832,0.13341464447308832,0.0,0.0,6.0,True,1.3055551236018308,0.11579521347852796
Li-Li_2.66_hgbs-5_as-006-008,hamiltonian_generator/hgbs5_diatomic_basis_transfer/screen/Li-Li/2.66/hgbs-5/Li-Li_2.66_hgbs-5_as-006-008.tensors.npz,Li-Li,2.66,hgbs-5,6,8,14,1e-12,3.7511760364594693e-10,2.909380514282134e-10,True,success,active_tensor,,409.0,312.0,97.0,44.901104977743564,5.9226165685457834,38.97848840919779,4.0,14.0,6.0,8.0,48.0,0.5274725274725275,7.580346286983692,1.7131327215763301,0.17418465882242137,0.22599663085550217,12.517297372408704,0.19013871626770593,0.11542472097771679,0.06222315578231122,0.009021590586905649,0.11542472097771679,0.0969960693314192,0.0,0.0,6.0,True,1.289338406593763,0.11036691954704758
Li-Li_2.66_hgbs-5_as-006-010,hamiltonian_generator/hgbs5_diatomic_basis_transfer/night/Li-Li/2.66/hgbs-5/Li-Li_2.66_hgbs-5_as-006-010.tensors.npz,Li-Li,2.66,hgbs-5,6,10,16,1e-12,3.773157342124023e-10,2.9274105362020464e-10,True,success,active_tensor,,656.0,490.0,166.0,48.138775027072114,7.018788348417461,41.119986678654676,4.0,16.0,6.0,10.0,60.0,0.5,9.160420923347935,1.7591167438748643,0.17149136381100183,0.19203448821781274,13.841438403591244,0.2149900219873621,0.10226054246423637,0.0540250895187193,0.005789636573202237,0.10226054246423637,0.0766108436775003,0.0,0.0,6.0,True,1.2889061153066794,0.11022128423533077
Li-Li_2.66_hgbs-5_as-006-012,hamiltonian_generator/hgbs5_diatomic_basis_transfer/night/Li-Li/2.66/hgbs-5/Li-Li_2.66_hgbs-5_as-006-012.tensors.npz,Li-Li,2.66,hgbs-5,6,12,18,1e-12,3.8791436729468377e-10,3.1045033210830287e-10,True,success,active_tensor,,1027.0,756.0,271.0,52.37541934635976,8.437412749592,43.93800659676773,4.0,18.0,6.0,12.0,72.0,0.47058823529411764,11.275886042011589,1.9600214270160814,0.17086808029578265,0.17382416066581838,14.779010666515148,0.24668854108056865,0.09871726618089278,0.05187948126791599,0.005041696354939202,0.09871726618089278,0.07055218074904568,0.0,0.0,7.0,True,1.2495215085141445,0.09674373621165729
Li-Li_2.66_hgbs-5_as-006-014,hamiltonian_generator/hgbs5_diatomic_basis_transfer/night/Li-Li/2.66/hgbs-5/Li-Li_2.66_hgbs-5_as-006-014.tensors.npz,Li-Li,2.66,hgbs-5,6,14,20,1e-12,1.8661695522226296e-09,1.6722064843932571e-09,True,success,active_tensor,,1580.0,1152.0,428.0,59.522296390643184,11.37850514123576,48.1437912494076,4.0,20.0,6.0,14.0,84.0,0.4421052631578947,16.632856535542302,2.8177248749613337,0.16940715318142818,0.14139769853315964,15.401422796040144,0.29817899988188984,0.07535136765109499,0.0393199757344044,0.003288583817713811,0.07535136765109499,0.07711905909047573,0.0,0.0,2.0,True,1.1159922949944485,0.047661196167020935
N-N_1.42_hgbs-5_as-002-002,hamiltonian_generator/comparable_diatomic_library/N-N/1.42/hgbs-5/N-N_1.42_hgbs-5_as-002-002.tensors.npz,N-N,1.42,hgbs-5,2,2,4,1e-12,6.057374257739667e-08,6.057374302148588e-08,True,unavailable,unavailable,missing active tensor (hamiltonian_generator/comparable_diatomic_library/N-N/1.42/hgbs-5/N-N_1.42_hgbs-5_as-002-002.tensors.npz) and full molecular pickle (hamiltonian_generator/comparable_diatomic_library/N-N/1.42/hgbs-5/N-N_1.42_hgbs-5.pickle),,,,,,,,,,,,,,,,,,,,,,,,,,,False,,
N-N_1.42_hgbs-5_as-002-004,hamiltonian_generator/comparable_diatomic_library/N-N/1.42/hgbs-5/N-N_1.42_hgbs-5_as-002-004.tensors.npz,N-N,1.42,hgbs-5,2,4,6,1e-12,8.495338377212391e-08,6.061460344763958e-08,True,unavailable,unavailable,missing active tensor (hamiltonian_generator/comparable_diatomic_library/N-N/1.42/hgbs-5/N-N_1.42_hgbs-5_as-002-004.tensors.npz) and full molecular pickle (hamiltonian_generator/comparable_diatomic_library/N-N/1.42/hgbs-5/N-N_1.42_hgbs-5.pickle),,,,,,,,,,,,,,,,,,,,,,,,,,,False,,
N-N_1.42_hgbs-5_as-004-004,hamiltonian_generator/comparable_diatomic_library/N-N/1.42/hgbs-5/N-N_1.42_hgbs-5_as-004-004.tensors.npz,N-N,1.42,hgbs-5,4,4,8,1e-12,2.5031914041573344e-07,2.519274884260625e-07,True,unavailable,unavailable,missing active tensor (hamiltonian_generator/comparable_diatomic_library/N-N/1.42/hgbs-5/N-N_1.42_hgbs-5_as-004-004.tensors.npz) and full molecular pickle (hamiltonian_generator/comparable_diatomic_library/N-N/1.42/hgbs-5/N-N_1.42_hgbs-5.pickle),,,,,,,,,,,,,,,,,,,,,,,,,,,False,,
N-N_1.42_hgbs-5_as-004-006,hamiltonian_generator/comparable_diatomic_library/N-N/1.42/hgbs-5/N-N_1.42_hgbs-5_as-004-006.tensors.npz,N-N,1.42,hgbs-5,4,6,10,1e-12,2.5026165706432124e-07,2.519018177382648e-07,True,unavailable,unavailable,missing active tensor (hamiltonian_generator/comparable_diatomic_library/N-N/1.42/hgbs-5/N-N_1.42_hgbs-5_as-004-006.tensors.npz) and full molecular pickle (hamiltonian_generator/comparable_diatomic_library/N-N/1.42/hgbs-5/N-N_1.42_hgbs-5.pickle),,,,,,,,,,,,,,,,,,,,,,,,,,,False,,
N-N_1.42_hgbs-5_as-004-008,hamiltonian_generator/comparable_diatomic_library/N-N/1.42/hgbs-5/N-N_1.42_hgbs-5_as-004-008.tensors.npz,N-N,1.42,hgbs-5,4,8,12,1e-12,3.654850725398618e-07,2.512601595672237e-07,True,unavailable,unavailable,missing active tensor (hamiltonian_generator/comparable_diatomic_library/N-N/1.42/hgbs-5/N-N_1.42_hgbs-5_as-004-008.tensors.npz) and full molecular pickle (hamiltonian_generator/comparable_diatomic_library/N-N/1.42/hgbs-5/N-N_1.42_hgbs-5.pickle),,,,,,,,,,,,,,,,,,,,,,,,,,,False,,
N-N_1.42_hgbs-5_as-006-008,hamiltonian_generator/comparable_diatomic_library/N-N/1.42/hgbs-5/N-N_1.42_hgbs-5_as-006-008.tensors.npz,N-N,1.42,hgbs-5,6,8,14,1e-12,2.475234359700096e-07,2.512249202002437e-07,True,unavailable,unavailable,missing active tensor (hamiltonian_generator/comparable_diatomic_library/N-N/1.42/hgbs-5/N-N_1.42_hgbs-5_as-006-008.tensors.npz) and full molecular pickle (hamiltonian_generator/comparable_diatomic_library/N-N/1.42/hgbs-5/N-N_1.42_hgbs-5.pickle),,,,,,,,,,,,,,,,,,,,,,,,,,,False,,
N-N_1.42_hgbs-5_as-006-010,hamiltonian_generator/comparable_diatomic_library/N-N/1.42/hgbs-5/N-N_1.42_hgbs-5_as-006-010.tensors.npz,N-N,1.42,hgbs-5,6,10,16,1e-12,2.455663626887983e-07,2.504607379272273e-07,True,unavailable,unavailable,missing active tensor (hamiltonian_generator/comparable_diatomic_library/N-N/1.42/hgbs-5/N-N_1.42_hgbs-5_as-006-010.tensors.npz) and full molecular pickle (hamiltonian_generator/comparable_diatomic_library/N-N/1.42/hgbs-5/N-N_1.42_hgbs-5.pickle),,,,,,,,,,,,,,,,,,,,,,,,,,,False,,
N-N_1.42_hgbs-5_as-008-010,hamiltonian_generator/comparable_diatomic_library/N-N/1.42/hgbs-5/N-N_1.42_hgbs-5_as-008-010.tensors.npz,N-N,1.42,hgbs-5,8,10,18,1e-12,3.289585462917799e-07,3.406039638109704e-07,True,unavailable,unavailable,missing active tensor (hamiltonian_generator/comparable_diatomic_library/N-N/1.42/hgbs-5/N-N_1.42_hgbs-5_as-008-010.tensors.npz) and full molecular pickle (hamiltonian_generator/comparable_diatomic_library/N-N/1.42/hgbs-5/N-N_1.42_hgbs-5.pickle),,,,,,,,,,,,,,,,,,,,,,,,,,,False,,
N-N_1.42_hgbs-5_as-008-012,hamiltonian_generator/comparable_diatomic_library/N-N/1.42/hgbs-5/N-N_1.42_hgbs-5_as-008-012.tensors.npz,N-N,1.42,hgbs-5,8,12,20,1e-12,3.367508039087142e-07,3.345358510209451e-07,True,unavailable,unavailable,missing active tensor (hamiltonian_generator/comparable_diatomic_library/N-N/1.42/hgbs-5/N-N_1.42_hgbs-5_as-008-012.tensors.npz) and full molecular pickle (hamiltonian_generator/comparable_diatomic_library/N-N/1.42/hgbs-5/N-N_1.42_hgbs-5.pickle),,,,,,,,,,,,,,,,,,,,,,,,,,,False,,
NH3_s-1.00_hgbs-5_as-002-002,hamiltonian_generator/polyatomic_library/NH3/s-1.00/hgbs-5/NH3_s-1.00_hgbs-5_as-002-002.tensors.npz,NH3,s-1.00,hgbs-5,2,2,4,1e-12,1.1546319456101628e-14,8.437694987151191e-15,False,success,reconstructed_from_full_molecular_pickle,,14.0,8.0,6.0,3.4460964802334133,0.32656805924456556,3.1195284209888468,4.0,4.0,2.0,2.0,4.0,0.6666666666666666,0.32673005469094296,0.16336502734547148,0.5,0.5,4.0,0.0,0.0,0.0,0.0,0.0,0.0,0.0,0.0,0.0,False,,
NH3_s-1.00_hgbs-5_as-002-004,hamiltonian_generator/polyatomic_library/NH3/s-1.00/hgbs-5/NH3_s-1.00_hgbs-5_as-002-004.tensors.npz,NH3,s-1.00,hgbs-5,2,4,6,1e-12,0.0,0.0,False,success,reconstructed_from_full_molecular_pickle,,43.0,28.0,15.0,4.398149145930814,0.6531690760226635,3.7449800699081495,4.0,6.0,2.0,4.0,8.0,0.5333333333333333,0.6535451228718601,0.32677256143593,0.4999999999999999,0.25000000000000067,5.333333333333331,0.16666666666666716,9.626364861485995e-16,5.237874998161497e-16,8.493851348369995e-17,9.626364861485995e-16,0.25,0.0,0.0,1.0,False,,
NH3_s-1.00_hgbs-5_as-004-004,hamiltonian_generator/polyatomic_library/NH3/s-1.00/hgbs-5/NH3_s-1.00_hgbs-5_as-004-004.tensors.npz,NH3,s-1.00,hgbs-5,4,4,8,1e-12,3.0531133177191805e-14,9.67559365960824e-13,False,success,reconstructed_from_full_molecular_pickle,,174.0,144.0,30.0,14.918592361458124,1.405082828954914,13.513509532503198,4.0,8.0,4.0,4.0,16.0,0.5714285714285714,1.459766351569012,0.39916803274862334,0.264142202436972,0.273446522670962,7.952302641275459,0.04224088522492895,0.031262030227949336,0.025059150071956,0.018856269915962665,0.031262030227949336,0.031262030227949336,0.0,0.0,7.0,False,,
NH3_s-1.00_hgbs-5_as-004-006,hamiltonian_generator/polyatomic_library/NH3/s-1.00/hgbs-5/NH3_s-1.00_hgbs-5_as-004-006.tensors.npz,NH3,s-1.00,hgbs-5,4,6,10,1e-12,5.243583345304614e-13,5.53113110868253e-12,False,success,active_tensor,,355.0,290.0,65.0,16.903266698656058,2.1855842103320575,14.717682488324002,4.0,10.0,4.0,6.0,24.0,0.5333333333333333,2.322068325434684,0.5886343979309305,0.25349572684117294,0.18364790621563837,9.55711441816321,0.11777003666109744,0.020377487458766063,0.012519228290165017,0.004660969121563971,0.020377487458766063,0.06686965855146622,0.0,0.0,2.0,False,,
NH3_s-1.00_hgbs-5_as-004-008,hamiltonian_generator/polyatomic_library/NH3/s-1.00/hgbs-5/NH3_s-1.00_hgbs-5_as-004-008.tensors.npz,NH3,s-1.00,hgbs-5,4,8,12,1e-12,7.697263937345156e-10,1.8383616851025408e-10,True,success,active_tensor,,814.0,624.0,190.0,20.791861171564364,3.7371020538714825,17.054759117692903,4.0,12.0,4.0,8.0,32.0,0.48484848484848486,4.339113218395424,1.1261375043858655,0.259531717128668,0.19504776246688338,10.291859728179961,0.22130063686899135,0.08005458567643815,0.0463817709239978,0.012708956171557442,0.08005458567643815,0.11143806055440167,0.0,0.0,0.0,True,4.1870236960012654,0.621905418740161
NH3_s-1.00_hgbs-5_as-006-008,hamiltonian_generator/polyatomic_library/NH3/s-1.00/hgbs-5/NH3_s-1.00_hgbs-5_as-006-008.tensors.npz,NH3,s-1.00,hgbs-5,6,8,14,1e-12,1.3024139544626223e-09,2.9263058642925444e-10,True,success,active_tensor,,1503.0,1294.0,209.0,39.91555504505662,6.219753748445839,33.6958012966109,4.0,14.0,6.0,8.0,48.0,0.5274725274725275,7.537378529913902,1.6191763299670723,0.17447599111228457,0.2148195587552066,12.744036799947619,0.17326466415656655,0.10265092429166471,0.0560110568132031,0.009371189334741487,0.10265092429166471,0.08395615188107439,0.0,0.0,12.0,True,4.450710263595396,0.6484293231036042
NH3_s-1.00_hgbs-5_as-006-010,hamiltonian_generator/polyatomic_library/NH3/s-1.00/hgbs-5/NH3_s-1.00_hgbs-5_as-006-010.tensors.npz,NH3,s-1.00,hgbs-5,6,10,16,1e-12,2.9655867761491095e-09,6.537134167317047e-10,True,success,active_tensor,,2628.0,2180.0,448.0,46.351161116273744,9.038294378902474,37.31286673737142,4.0,16.0,6.0,10.0,60.0,0.5,11.473386739392827,2.037965459836995,0.17762544801526006,0.14491903990107094,14.191631941377425,0.1932376958190182,0.04991004433452325,0.031530290976417664,0.013150537618312075,0.04991004433452325,0.06014336916029722,0.0,0.0,2.0,True,4.536524263148538,0.6567232380003242
NH3_s-1.00_hgbs-5_as-008-010,hamiltonian_generator/polyatomic_library/NH3/s-1.00/hgbs-5/NH3_s-1.00_hgbs-5_as-008-010.tensors.npz,NH3,s-1.00,hgbs-5,8,10,18,1e-12,2.6164186528454536e-07,5.870060548751611e-09,True,success,active_tensor,,3915.0,3408.0,507.0,76.32213940664745,12.545830574723574,63.7763088319238,4.0,18.0,8.0,10.0,80.0,0.5228758169934641,16.46347035255893,2.419187406897364,0.14171885753147087,0.14694273777589958,16.52631919992868,0.16436601791958785,0.05215859752877732,0.035632931639514885,0.019107265750252445,0.05215859752877732,0.04031057999788706,0.0,0.0,16.0,True,44.572260049376986,1.6490646556721877
NH3_s-1.00_hgbs-5_as-008-012,hamiltonian_generator/polyatomic_library/NH3/s-1.00/hgbs-5/NH3_s-1.00_hgbs-5_as-008-012.tensors.npz,NH3,s-1.00,hgbs-5,8,12,20,1e-12,9.938340780335508e-07,1.1001357380635568e-08,True,success,active_tensor,,5544.0,4702.0,842.0,86.01582047261735,17.303921010550017,68.71189946206749,4.0,20.0,8.0,12.0,96.0,0.5052631578947369,23.814957055763344,3.0786256493159567,0.1292727776962719,0.12818379411254485,18.104865268751947,0.16724527004459805,0.04892777539550348,0.02690547495276425,0.004883174510025029,0.04892777539550348,0.03252530855141322,0.0,0.0,4.0,True,90.337405071749,1.9558676113614601
O-O_1.26_hgbs-5_as-002-002,hamiltonian_generator/o2_active_space_library/O-O/1.26/hgbs-5/O-O_1.26_hgbs-5_as-002-002.tensors.npz,O-O,1.26,hgbs-5,2,2,4,1e-12,3.2085445411667024e-14,3.3861802251067274e-14,False,unavailable,unavailable,missing active tensor (hamiltonian_generator/o2_active_space_library/O-O/1.26/hgbs-5/O-O_1.26_hgbs-5_as-002-002.tensors.npz) and full molecular pickle (hamiltonian_generator/o2_active_space_library/O-O/1.26/hgbs-5/O-O_1.26_hgbs-5.pickle),,,,,,,,,,,,,,,,,,,,,,,,,,,False,,
O-O_1.26_hgbs-5_as-002-004,hamiltonian_generator/o2_active_space_library/O-O/1.26/hgbs-5/O-O_1.26_hgbs-5_as-002-004.tensors.npz,O-O,1.26,hgbs-5,2,4,6,1e-12,1.2434497875801752e-14,1.176836406102666e-14,False,unavailable,unavailable,missing active tensor (hamiltonian_generator/o2_active_space_library/O-O/1.26/hgbs-5/O-O_1.26_hgbs-5_as-002-004.tensors.npz) and full molecular pickle (hamiltonian_generator/o2_active_space_library/O-O/1.26/hgbs-5/O-O_1.26_hgbs-5.pickle),,,,,,,,,,,,,,,,,,,,,,,,,,,False,,
O-O_1.26_hgbs-5_as-004-004,hamiltonian_generator/o2_active_space_library/O-O/1.26/hgbs-5/O-O_1.26_hgbs-5_as-004-004.tensors.npz,O-O,1.26,hgbs-5,4,4,8,1e-12,2.0872192862952943e-14,2.5979218776228663e-14,False,unavailable,unavailable,missing active tensor (hamiltonian_generator/o2_active_space_library/O-O/1.26/hgbs-5/O-O_1.26_hgbs-5_as-004-004.tensors.npz) and full molecular pickle (hamiltonian_generator/o2_active_space_library/O-O/1.26/hgbs-5/O-O_1.26_hgbs-5.pickle),,,,,,,,,,,,,,,,,,,,,,,,,,,False,,
O-O_1.26_hgbs-5_as-004-006,hamiltonian_generator/o2_active_space_library/O-O/1.26/hgbs-5/O-O_1.26_hgbs-5_as-004-006.tensors.npz,O-O,1.26,hgbs-5,4,6,10,1e-12,3.1298785785338623e-10,2.0143342549516774e-10,True,unavailable,unavailable,missing active tensor (hamiltonian_generator/o2_active_space_library/O-O/1.26/hgbs-5/O-O_1.26_hgbs-5_as-004-006.tensors.npz) and full molecular pickle (hamiltonian_generator/o2_active_space_library/O-O/1.26/hgbs-5/O-O_1.26_hgbs-5.pickle),,,,,,,,,,,,,,,,,,,,,,,,,,,False,,
O-O_1.26_hgbs-5_as-004-008,hamiltonian_generator/o2_active_space_library/O-O/1.26/hgbs-5/O-O_1.26_hgbs-5_as-004-008.tensors.npz,O-O,1.26,hgbs-5,4,8,12,1e-12,4.813729415076293e-10,3.907002499303758e-10,True,unavailable,unavailable,missing active tensor (hamiltonian_generator/o2_active_space_library/O-O/1.26/hgbs-5/O-O_1.26_hgbs-5_as-004-008.tensors.npz) and full molecular pickle (hamiltonian_generator/o2_active_space_library/O-O/1.26/hgbs-5/O-O_1.26_hgbs-5.pickle),,,,,,,,,,,,,,,,,,,,,,,,,,,False,,
O-O_1.26_hgbs-5_as-006-008,hamiltonian_generator/o2_active_space_library/O-O/1.26/hgbs-5/O-O_1.26_hgbs-5_as-006-008.tensors.npz,O-O,1.26,hgbs-5,6,8,14,1e-12,1.034973889924018e-07,1.0313087217550533e-07,True,unavailable,unavailable,missing active tensor (hamiltonian_generator/o2_active_space_library/O-O/1.26/hgbs-5/O-O_1.26_hgbs-5_as-006-008.tensors.npz) and full molecular pickle (hamiltonian_generator/o2_active_space_library/O-O/1.26/hgbs-5/O-O_1.26_hgbs-5.pickle),,,,,,,,,,,,,,,,,,,,,,,,,,,False,,
O-O_1.26_hgbs-5_as-006-010,hamiltonian_generator/o2_active_space_library/O-O/1.26/hgbs-5/O-O_1.26_hgbs-5_as-006-010.tensors.npz,O-O,1.26,hgbs-5,6,10,16,1e-12,1.03876882429077e-07,1.0327531740905729e-07,True,unavailable,unavailable,missing active tensor (hamiltonian_generator/o2_active_space_library/O-O/1.26/hgbs-5/O-O_1.26_hgbs-5_as-006-010.tensors.npz) and full molecular pickle (hamiltonian_generator/o2_active_space_library/O-O/1.26/hgbs-5/O-O_1.26_hgbs-5.pickle),,,,,,,,,,,,,,,,,,,,,,,,,,,False,,
O-O_1.26_hgbs-5_as-008-010,hamiltonian_generator/o2_active_space_library/O-O/1.26/hgbs-5/O-O_1.26_hgbs-5_as-008-010.tensors.npz,O-O,1.26,hgbs-5,8,10,18,1e-12,1.0392547789006557e-07,1.0354491009056944e-07,True,unavailable,unavailable,missing active tensor (hamiltonian_generator/o2_active_space_library/O-O/1.26/hgbs-5/O-O_1.26_hgbs-5_as-008-010.tensors.npz) and full molecular pickle (hamiltonian_generator/o2_active_space_library/O-O/1.26/hgbs-5/O-O_1.26_hgbs-5.pickle),,,,,,,,,,,,,,,,,,,,,,,,,,,False,,
O-O_1.26_hgbs-5_as-008-012,hamiltonian_generator/o2_active_space_library/O-O/1.26/hgbs-5/O-O_1.26_hgbs-5_as-008-012.tensors.npz,O-O,1.26,hgbs-5,8,12,20,1e-12,1.0434868147335409e-07,1.0366675573525441e-07,True,unavailable,unavailable,missing active tensor (hamiltonian_generator/o2_active_space_library/O-O/1.26/hgbs-5/O-O_1.26_hgbs-5_as-008-012.tensors.npz) and full molecular pickle (hamiltonian_generator/o2_active_space_library/O-O/1.26/hgbs-5/O-O_1.26_hgbs-5.pickle),,,,,,,,,,,,,,,,,,,,,,,,,,,False,,
