name,family,basis,mapping,z1,z2,atom1,atom2,target_qubits,active_occupied,active_vacant,total_electrons,total_orbitals,spacing,config_path,output_path,status
Be-H_1.30_sto-6g_as-001-001_jw,hydride,sto-6g,JW,4,1,Be,H,2,1,1,5,12,1.3,/home/abhijith/Code/qhat/library_pilot/004-001_Be-H/02q/sto-6g/Be-H_1.30_sto-6g_as-001-001_jw.config,/home/abhijith/Code/qhat/library_pilot/004-001_Be-H/02q/sto-6g/Be-H_1.30_sto-6g_as-001-001_jw.dat,generated
Be-H_1.30_sto-6g_as-001-001_bk,hydride,sto-6g,BK,4,1,Be,H,2,1,1,5,12,1.3,/home/abhijith/Code/qhat/library_pilot/004-001_Be-H/02q/sto-6g/Be-H_1.30_sto-6g_as-001-001_bk.config,/home/abhijith/Code/qhat/library_pilot/004-001_Be-H/02q/sto-6g/Be-H_1.30_sto-6g_as-001-001_bk.dat,generated
H-H_0.50_sto-6g_as-002-002_jw,homonuclear,sto-6g,JW,1,1,H,H,4,2,2,2,4,0.5,/home/abhijith/Code/qhat/library_pilot/001-001_H-H/04q/sto-6g/H-H_0.50_sto-6g_as-002-002_jw.config,/home/abhijith/Code/qhat/library_pilot/001-001_H-H/04q/sto-6g/H-H_0.50_sto-6g_as-002-002_jw.dat,generated
H-H_0.50_sto-6g_as-002-002_bk,homonuclear,sto-6g,BK,1,1,H,H,4,2,2,2,4,0.5,/home/abhijith/Code/qhat/library_pilot/001-001_H-H/04q/sto-6g/H-H_0.50_sto-6g_as-002-002_bk.config,/home/abhijith/Code/qhat/library_pilot/001-001_H-H/04q/sto-6g/H-H_0.50_sto-6g_as-002-002_bk.dat,generated
Li-Li_2.90_sto-6g_as-002-004_jw,homonuclear,sto-6g,JW,3,3,Li,Li,6,2,4,6,20,2.9,/home/abhijith/Code/qhat/library_pilot/003-003_Li-Li/06q/sto-6g/Li-Li_2.90_sto-6g_as-002-004_jw.config,/home/abhijith/Code/qhat/library_pilot/003-003_Li-Li/06q/sto-6g/Li-Li_2.90_sto-6g_as-002-004_jw.dat,generated
Li-Li_2.90_sto-6g_as-002-004_bk,homonuclear,sto-6g,BK,3,3,Li,Li,6,2,4,6,20,2.9,/home/abhijith/Code/qhat/library_pilot/003-003_Li-Li/06q/sto-6g/Li-Li_2.90_sto-6g_as-002-004_bk.config,/home/abhijith/Code/qhat/library_pilot/003-003_Li-Li/06q/sto-6g/Li-Li_2.90_sto-6g_as-002-004_bk.dat,generated
Li-Li_2.90_sto-6g_as-004-004_jw,homonuclear,sto-6g,JW,3,3,Li,Li,8,4,4,6,20,2.9,/home/abhijith/Code/qhat/library_pilot/003-003_Li-Li/08q/sto-6g/Li-Li_2.90_sto-6g_as-004-004_jw.config,/home/abhijith/Code/qhat/library_pilot/003-003_Li-Li/08q/sto-6g/Li-Li_2.90_sto-6g_as-004-004_jw.dat,generated
Li-Li_2.90_sto-6g_as-004-004_bk,homonuclear,sto-6g,BK,3,3,Li,Li,8,4,4,6,20,2.9,/home/abhijith/Code/qhat/library_pilot/003-003_Li-Li/08q/sto-6g/Li-Li_2.90_sto-6g_as-004-004_bk.config,/home/abhijith/Code/qhat/library_pilot/003-003_Li-Li/08q/sto-6g/Li-Li_2.90_sto-6g_as-004-004_bk.dat,generated
Li-Li_2.90_sto-6g_as-004-006_jw,homonuclear,sto-6g,JW,3,3,Li,Li,10,4,6,6,20,2.9,/home/abhijith/Code/qhat/library_pilot/003-003_Li-Li/10q/sto-6g/Li-Li_2.90_sto-6g_as-004-006_jw.config,/home/abhijith/Code/qhat/library_pilot/003-003_Li-Li/10q/sto-6g/Li-Li_2.90_sto-6g_as-004-006_jw.dat,generated
Li-Li_2.90_sto-6g_as-004-006_bk,homonuclear,sto-6g,BK,3,3,Li,Li,10,4,6,6,20,2.9,/home/abhijith/Code/qhat/library_pilot/003-003_Li-Li/10q/sto-6g/Li-Li_2.90_sto-6g_as-004-006_bk.config,/home/abhijith/Code/qhat/library_pilot/003-003_Li-Li/10q/sto-6g/Li-Li_2.90_sto-6g_as-004-006_bk.dat,generated
Li-Li_2.90_sto-6g_as-004-008_jw,homonuclear,sto-6g,JW,3,3,Li,Li,12,4,8,6,20,2.9,/home/abhijith/Code/qhat/library_pilot/003-003_Li-Li/12q/sto-6g/Li-Li_2.90_sto-6g_as-004-008_jw.config,/home/abhijith/Code/qhat/library_pilot/003-003_Li-Li/12q/sto-6g/Li-Li_2.90_sto-6g_as-004-008_jw.dat,generated
Li-Li_2.90_sto-6g_as-004-008_bk,homonuclear,sto-6g,BK,3,3,Li,Li,12,4,8,6,20,2.9,/home/abhijith/Code/qhat/library_pilot/003-003_Li-Li/12q/sto-6g/Li-Li_2.90_sto-6g_as-004-008_bk.config,/home/abhijith/Code/qhat/library_pilot/003-003_Li-Li/12q/sto-6g/Li-Li_2.90_sto-6g_as-004-008_bk.dat,generated
Li-Li_2.90_sto-6g_as-006-008_jw,homonuclear,sto-6g,JW,3,3,Li,Li,14,6,8,6,20,2.9,/home/abhijith/Code/qhat/library_pilot/003-003_Li-Li/14q/sto-6g/Li-Li_2.90_sto-6g_as-006-008_jw.config,/home/abhijith/Code/qhat/library_pilot/003-003_Li-Li/14q/sto-6g/Li-Li_2.90_sto-6g_as-006-008_jw.dat,generated
Li-Li_2.90_sto-6g_as-006-008_bk,homonuclear,sto-6g,BK,3,3,Li,Li,14,6,8,6,20,2.9,/home/abhijith/Code/qhat/library_pilot/003-003_Li-Li/14q/sto-6g/Li-Li_2.90_sto-6g_as-006-008_bk.config,/home/abhijith/Code/qhat/library_pilot/003-003_Li-Li/14q/sto-6g/Li-Li_2.90_sto-6g_as-006-008_bk.dat,generated
Li-Li_2.90_sto-6g_as-006-010_jw,homonuclear,sto-6g,JW,3,3,Li,Li,16,6,10,6,20,2.9,/home/abhijith/Code/qhat/library_pilot/003-003_Li-Li/16q/sto-6g/Li-Li_2.90_sto-6g_as-006-010_jw.config,/home/abhijith/Code/qhat/library_pilot/003-003_Li-Li/16q/sto-6g/Li-Li_2.90_sto-6g_as-006-010_jw.dat,generated
Li-Li_2.90_sto-6g_as-006-010_bk,homonuclear,sto-6g,BK,3,3,Li,Li,16,6,10,6,20,2.9,/home/abhijith/Code/qhat/library_pilot/003-003_Li-Li/16q/sto-6g/Li-Li_2.90_sto-6g_as-006-010_bk.config,/home/abhijith/Code/qhat/library_pilot/003-003_Li-Li/16q/sto-6g/Li-Li_2.90_sto-6g_as-006-010_bk.dat,generated
Li-Li_2.90_sto-6g_as-006-014_jw,homonuclear,sto-6g,JW,3,3,Li,Li,20,6,14,6,20,2.9,/home/abhijith/Code/qhat/library_pilot/003-003_Li-Li/20q/sto-6g/Li-Li_2.90_sto-6g_as-006-014_jw.config,/home/abhijith/Code/qhat/library_pilot/003-003_Li-Li/20q/sto-6g/Li-Li_2.90_sto-6g_as-006-014_jw.dat,generated
Li-Li_2.90_sto-6g_as-006-014_bk,homonuclear,sto-6g,BK,3,3,Li,Li,20,6,14,6,20,2.9,/home/abhijith/Code/qhat/library_pilot/003-003_Li-Li/20q/sto-6g/Li-Li_2.90_sto-6g_as-006-014_bk.config,/home/abhijith/Code/qhat/library_pilot/003-003_Li-Li/20q/sto-6g/Li-Li_2.90_sto-6g_as-006-014_bk.dat,generated
Mg-Mg_3.00_sto-6g_as-010-012_jw,homonuclear,sto-6g,JW,12,12,Mg,Mg,22,10,12,24,36,3.0,/home/abhijith/Code/qhat/library_pilot/012-012_Mg-Mg/22q/sto-6g/Mg-Mg_3.00_sto-6g_as-010-012_jw.config,/home/abhijith/Code/qhat/library_pilot/012-012_Mg-Mg/22q/sto-6g/Mg-Mg_3.00_sto-6g_as-010-012_jw.dat,generated
Mg-Mg_3.00_sto-6g_as-010-012_bk,homonuclear,sto-6g,BK,12,12,Mg,Mg,22,10,12,24,36,3.0,/home/abhijith/Code/qhat/library_pilot/012-012_Mg-Mg/22q/sto-6g/Mg-Mg_3.00_sto-6g_as-010-012_bk.config,/home/abhijith/Code/qhat/library_pilot/012-012_Mg-Mg/22q/sto-6g/Mg-Mg_3.00_sto-6g_as-010-012_bk.dat,generated
Mg-Mg_3.00_sto-6g_as-012-012_jw,homonuclear,sto-6g,JW,12,12,Mg,Mg,24,12,12,24,36,3.0,/home/abhijith/Code/qhat/library_pilot/012-012_Mg-Mg/24q/sto-6g/Mg-Mg_3.00_sto-6g_as-012-012_jw.config,/home/abhijith/Code/qhat/library_pilot/012-012_Mg-Mg/24q/sto-6g/Mg-Mg_3.00_sto-6g_as-012-012_jw.dat,generated
Mg-Mg_3.00_sto-6g_as-012-012_bk,homonuclear,sto-6g,BK,12,12,Mg,Mg,24,12,12,24,36,3.0,/home/abhijith/Code/qhat/library_pilot/012-012_Mg-Mg/24q/sto-6g/Mg-Mg_3.00_sto-6g_as-012-012_bk.config,/home/abhijith/Code/qhat/library_pilot/012-012_Mg-Mg/24q/sto-6g/Mg-Mg_3.00_sto-6g_as-012-012_bk.dat,generated
Mg-Mg_3.00_sto-6g_as-014-012_jw,homonuclear,sto-6g,JW,12,12,Mg,Mg,26,14,12,24,36,3.0,/home/abhijith/Code/qhat/library_pilot/012-012_Mg-Mg/26q/sto-6g/Mg-Mg_3.00_sto-6g_as-014-012_jw.config,/home/abhijith/Code/qhat/library_pilot/012-012_Mg-Mg/26q/sto-6g/Mg-Mg_3.00_sto-6g_as-014-012_jw.dat,generated
Mg-Mg_3.00_sto-6g_as-014-012_bk,homonuclear,sto-6g,BK,12,12,Mg,Mg,26,14,12,24,36,3.0,/home/abhijith/Code/qhat/library_pilot/012-012_Mg-Mg/26q/sto-6g/Mg-Mg_3.00_sto-6g_as-014-012_bk.config,/home/abhijith/Code/qhat/library_pilot/012-012_Mg-Mg/26q/sto-6g/Mg-Mg_3.00_sto-6g_as-014-012_bk.dat,generated
Mg-Mg_3.00_sto-6g_as-016-012_jw,homonuclear,sto-6g,JW,12,12,Mg,Mg,28,16,12,24,36,3.0,/home/abhijith/Code/qhat/library_pilot/012-012_Mg-Mg/28q/sto-6g/Mg-Mg_3.00_sto-6g_as-016-012_jw.config,/home/abhijith/Code/qhat/library_pilot/012-012_Mg-Mg/28q/sto-6g/Mg-Mg_3.00_sto-6g_as-016-012_jw.dat,generated
Mg-Mg_3.00_sto-6g_as-016-012_bk,homonuclear,sto-6g,BK,12,12,Mg,Mg,28,16,12,24,36,3.0,/home/abhijith/Code/qhat/library_pilot/012-012_Mg-Mg/28q/sto-6g/Mg-Mg_3.00_sto-6g_as-016-012_bk.config,/home/abhijith/Code/qhat/library_pilot/012-012_Mg-Mg/28q/sto-6g/Mg-Mg_3.00_sto-6g_as-016-012_bk.dat,generated
Mg-Mg_3.00_sto-6g_as-018-012_jw,homonuclear,sto-6g,JW,12,12,Mg,Mg,30,18,12,24,36,3.0,/home/abhijith/Code/qhat/library_pilot/012-012_Mg-Mg/30q/sto-6g/Mg-Mg_3.00_sto-6g_as-018-012_jw.config,/home/abhijith/Code/qhat/library_pilot/012-012_Mg-Mg/30q/sto-6g/Mg-Mg_3.00_sto-6g_as-018-012_jw.dat,generated
Mg-Mg_3.00_sto-6g_as-018-012_bk,homonuclear,sto-6g,BK,12,12,Mg,Mg,30,18,12,24,36,3.0,/home/abhijith/Code/qhat/library_pilot/012-012_Mg-Mg/30q/sto-6g/Mg-Mg_3.00_sto-6g_as-018-012_bk.config,/home/abhijith/Code/qhat/library_pilot/012-012_Mg-Mg/30q/sto-6g/Mg-Mg_3.00_sto-6g_as-018-012_bk.dat,generated
C-H_0.95_sto-6g_as-001-001_jw,hydride,sto-6g,JW,6,1,C,H,2,1,1,7,12,0.9500000000000001,/home/abhijith/Code/qhat/library_pilot/006-001_C-H/02q/sto-6g/C-H_0.95_sto-6g_as-001-001_jw.config,/home/abhijith/Code/qhat/library_pilot/006-001_C-H/02q/sto-6g/C-H_0.95_sto-6g_as-001-001_jw.dat,generated
C-H_0.95_sto-6g_as-001-001_bk,hydride,sto-6g,BK,6,1,C,H,2,1,1,7,12,0.9500000000000001,/home/abhijith/Code/qhat/library_pilot/006-001_C-H/02q/sto-6g/C-H_0.95_sto-6g_as-001-001_bk.config,/home/abhijith/Code/qhat/library_pilot/006-001_C-H/02q/sto-6g/C-H_0.95_sto-6g_as-001-001_bk.dat,generated
Li-Li_2.90_sto-6g_as-002-002_jw,homonuclear,sto-6g,JW,3,3,Li,Li,4,2,2,6,20,2.9,/home/abhijith/Code/qhat/library_pilot/003-003_Li-Li/04q/sto-6g/Li-Li_2.90_sto-6g_as-002-002_jw.config,/home/abhijith/Code/qhat/library_pilot/003-003_Li-Li/04q/sto-6g/Li-Li_2.90_sto-6g_as-002-002_jw.dat,generated
Li-Li_2.90_sto-6g_as-002-002_bk,homonuclear,sto-6g,BK,3,3,Li,Li,4,2,2,6,20,2.9,/home/abhijith/Code/qhat/library_pilot/003-003_Li-Li/04q/sto-6g/Li-Li_2.90_sto-6g_as-002-002_bk.config,/home/abhijith/Code/qhat/library_pilot/003-003_Li-Li/04q/sto-6g/Li-Li_2.90_sto-6g_as-002-002_bk.dat,generated
Be-Be_2.10_sto-6g_as-002-004_jw,homonuclear,sto-6g,JW,4,4,Be,Be,6,2,4,8,20,2.1,/home/abhijith/Code/qhat/library_pilot/004-004_Be-Be/06q/sto-6g/Be-Be_2.10_sto-6g_as-002-004_jw.config,/home/abhijith/Code/qhat/library_pilot/004-004_Be-Be/06q/sto-6g/Be-Be_2.10_sto-6g_as-002-004_jw.dat,generated
Be-Be_2.10_sto-6g_as-002-004_bk,homonuclear,sto-6g,BK,4,4,Be,Be,6,2,4,8,20,2.1,/home/abhijith/Code/qhat/library_pilot/004-004_Be-Be/06q/sto-6g/Be-Be_2.10_sto-6g_as-002-004_bk.config,/home/abhijith/Code/qhat/library_pilot/004-004_Be-Be/06q/sto-6g/Be-Be_2.10_sto-6g_as-002-004_bk.dat,generated
Be-Be_2.10_sto-6g_as-004-004_jw,homonuclear,sto-6g,JW,4,4,Be,Be,8,4,4,8,20,2.1,/home/abhijith/Code/qhat/library_pilot/004-004_Be-Be/08q/sto-6g/Be-Be_2.10_sto-6g_as-004-004_jw.config,/home/abhijith/Code/qhat/library_pilot/004-004_Be-Be/08q/sto-6g/Be-Be_2.10_sto-6g_as-004-004_jw.dat,generated
Be-Be_2.10_sto-6g_as-004-004_bk,homonuclear,sto-6g,BK,4,4,Be,Be,8,4,4,8,20,2.1,/home/abhijith/Code/qhat/library_pilot/004-004_Be-Be/08q/sto-6g/Be-Be_2.10_sto-6g_as-004-004_bk.config,/home/abhijith/Code/qhat/library_pilot/004-004_Be-Be/08q/sto-6g/Be-Be_2.10_sto-6g_as-004-004_bk.dat,generated
Be-Be_2.10_sto-6g_as-004-006_jw,homonuclear,sto-6g,JW,4,4,Be,Be,10,4,6,8,20,2.1,/home/abhijith/Code/qhat/library_pilot/004-004_Be-Be/10q/sto-6g/Be-Be_2.10_sto-6g_as-004-006_jw.config,/home/abhijith/Code/qhat/library_pilot/004-004_Be-Be/10q/sto-6g/Be-Be_2.10_sto-6g_as-004-006_jw.dat,generated
Be-Be_2.10_sto-6g_as-004-006_bk,homonuclear,sto-6g,BK,4,4,Be,Be,10,4,6,8,20,2.1,/home/abhijith/Code/qhat/library_pilot/004-004_Be-Be/10q/sto-6g/Be-Be_2.10_sto-6g_as-004-006_bk.config,/home/abhijith/Code/qhat/library_pilot/004-004_Be-Be/10q/sto-6g/Be-Be_2.10_sto-6g_as-004-006_bk.dat,generated
Be-Be_2.10_sto-6g_as-004-008_jw,homonuclear,sto-6g,JW,4,4,Be,Be,12,4,8,8,20,2.1,/home/abhijith/Code/qhat/library_pilot/004-004_Be-Be/12q/sto-6g/Be-Be_2.10_sto-6g_as-004-008_jw.config,/home/abhijith/Code/qhat/library_pilot/004-004_Be-Be/12q/sto-6g/Be-Be_2.10_sto-6g_as-004-008_jw.dat,generated
Be-Be_2.10_sto-6g_as-004-008_bk,homonuclear,sto-6g,BK,4,4,Be,Be,12,4,8,8,20,2.1,/home/abhijith/Code/qhat/library_pilot/004-004_Be-Be/12q/sto-6g/Be-Be_2.10_sto-6g_as-004-008_bk.config,/home/abhijith/Code/qhat/library_pilot/004-004_Be-Be/12q/sto-6g/Be-Be_2.10_sto-6g_as-004-008_bk.dat,generated
