status,error_message,case_id,tensor_path,molecule,bond_length,basis,active_occupied,active_vacant,n_qubits,number_of_fermionic_terms,number_of_pauli_terms,ordering,formula_order,trotter_steps,trotter_dt,evolution_time,nominal_exponential_count,ordering_build_time_seconds,graph_vertices,graph_edges,number_of_colors,graph_time_seconds,coloring_time_seconds,exact_sector_dimension,exact_build_time_seconds,exact_evolution_time_seconds,trotter_runtime_seconds,state_overlap_abs,state_infidelity,state_vector_2norm_error,phase_aligned_state_2norm_error,particle_number_leakage,spin_sector_leakage,state_infidelity_ratio_to_jw_raw,coefficient_tolerance
success,,B-B_1.70_sto-6g_as-002-002,hamiltonian_generator/b2_active_space_library/B-B/1.70/sto-6g/B-B_1.70_sto-6g_as-002-002.tensors.npz,B-B,1.70,sto-6g,2,2,4,12,14,jw_raw,1,1,1.0,1.0,14,0.0,,,,,,4,0.001290124997467501,0.0004093330026080366,1.6250000044237822e-05,0.999999901583742,1.9683250640500916e-07,0.5939542557027642,0.0004436581071770801,5.551115123125783e-16,5.551115123125783e-16,1.0,1e-12
success,,B-B_1.70_sto-6g_as-002-002,hamiltonian_generator/b2_active_space_library/B-B/1.70/sto-6g/B-B_1.70_sto-6g_as-002-002.tensors.npz,B-B,1.70,sto-6g,2,2,4,12,14,jw_coloring,1,1,1.0,1.0,14,0.00029841699870303273,14,16,2,0.00019537499974831007,9.341599798062816e-05,4,0.001290124997467501,0.0004093330026080366,8.708000677870587e-06,0.9999999015837419,1.9683250662705376e-07,0.5939542557027642,0.000443658107427323,7.771561172376096e-16,7.771561172376096e-16,1.0000000011280892,1e-12
success,,B-B_1.70_sto-6g_as-002-002,hamiltonian_generator/b2_active_space_library/B-B/1.70/sto-6g/B-B_1.70_sto-6g_as-002-002.tensors.npz,B-B,1.70,sto-6g,2,2,4,12,14,fermionic_coloring,1,1,1.0,1.0,14,0.002808917000947986,12,12,2,0.0016242079982475843,1.195799995912239e-05,4,0.001290124997467501,0.0004093330026080366,7.2500006353948265e-06,0.9999999016345337,1.967309229966574e-07,0.5939375857772968,0.0004435436085162289,9.992007221626409e-16,9.992007221626409e-16,0.9994839093897289,1e-12
success,,B-B_1.70_sto-6g_as-002-002,hamiltonian_generator/b2_active_space_library/B-B/1.70/sto-6g/B-B_1.70_sto-6g_as-002-002.tensors.npz,B-B,1.70,sto-6g,2,2,4,12,14,jw_raw,1,10,0.1,1.0,140,0.0,,,,,,4,0.001290124997467501,0.0004093330026080366,4.5625001803273335e-05,0.999999999016124,1.967751961373665e-09,0.5939493695971076,4.43593503263254e-05,0.0,0.0,1.0,1e-12
success,,B-B_1.70_sto-6g_as-002-002,hamiltonian_generator/b2_active_space_library/B-B/1.70/sto-6g/B-B_1.70_sto-6g_as-002-002.tensors.npz,B-B,1.70,sto-6g,2,2,4,12,14,jw_coloring,1,10,0.1,1.0,140,0.00029841699870303273,14,16,2,0.00019537499974831007,9.341599798062816e-05,4,0.001290124997467501,0.0004093330026080366,4.741600059787743e-05,0.9999999990161244,1.96775129523985e-09,0.5939493695971073,4.435934281794366e-05,0.0,0.0,0.9999996614747042,1e-12
success,,B-B_1.70_sto-6g_as-002-002,hamiltonian_generator/b2_active_space_library/B-B/1.70/sto-6g/B-B_1.70_sto-6g_as-002-002.tensors.npz,B-B,1.70,sto-6g,2,2,4,12,14,fermionic_coloring,1,10,0.1,1.0,140,0.002808917000947986,12,12,2,0.0016242079982475843,1.195799995912239e-05,4,0.001290124997467501,0.0004093330026080366,7.93330000306014e-05,0.9999999990161745,1.967650931078424e-09,0.593947702611905,4.4358211540575256e-05,0.0,0.0,0.9999486569968045,1e-12
success,,B-B_1.70_sto-6g_as-002-002,hamiltonian_generator/b2_active_space_library/B-B/1.70/sto-6g/B-B_1.70_sto-6g_as-002-002.tensors.npz,B-B,1.70,sto-6g,2,2,4,12,14,jw_raw,1,100,0.01,1.0,1400,0.0,,,,,,4,0.001290124997467501,0.0004093330026080366,0.0003926659992430359,0.9999999999901559,1.9688251029492676e-11,0.5939486456049211,4.437144467953762e-06,1.099120794378905e-14,1.099120794378905e-14,1.0,1e-12
success,,B-B_1.70_sto-6g_as-002-002,hamiltonian_generator/b2_active_space_library/B-B/1.70/sto-6g/B-B_1.70_sto-6g_as-002-002.tensors.npz,B-B,1.70,sto-6g,2,2,4,12,14,jw_coloring,1,100,0.01,1.0,1400,0.00029841699870303273,14,16,2,0.00019537499974831007,9.341599798062816e-05,4,0.001290124997467501,0.0004093330026080366,0.0003788329995586537,0.999999999990154,1.96920257877764e-11,0.5939486456049239,4.4375698065243325e-06,1.454392162258955e-14,1.454392162258955e-14,1.0001917264402038,1e-12
success,,B-B_1.70_sto-6g_as-002-002,hamiltonian_generator/b2_active_space_library/B-B/1.70/sto-6g/B-B_1.70_sto-6g_as-002-002.tensors.npz,B-B,1.70,sto-6g,2,2,4,12,14,fermionic_coloring,1,100,0.01,1.0,1400,0.002808917000947986,12,12,2,0.0016242079982475843,1.195799995912239e-05,4,0.001290124997467501,0.0004093330026080366,0.00038133300040499307,0.999999999990155,1.9690027386332076e-11,0.5939484789064091,4.437344632359771e-06,1.2323475573339238e-14,1.2323475573339238e-14,1.0000902242071548,1e-12
success,,B-B_1.70_sto-6g_as-002-002,hamiltonian_generator/b2_active_space_library/B-B/1.70/sto-6g/B-B_1.70_sto-6g_as-002-002.tensors.npz,B-B,1.70,sto-6g,2,2,4,12,14,jw_raw,1,1000,0.001,1.0,14000,0.0,,,,,,4,0.001290124997467501,0.0004093330026080366,0.003783625001233304,0.9999999999995965,8.069100942975638e-13,0.5939485708525178,8.98281745499464e-07,6.104006189389111e-13,6.104006189389111e-13,1.0,1e-12
success,,B-B_1.70_sto-6g_as-002-002,hamiltonian_generator/b2_active_space_library/B-B/1.70/sto-6g/B-B_1.70_sto-6g_as-002-002.tensors.npz,B-B,1.70,sto-6g,2,2,4,12,14,jw_coloring,1,1000,0.001,1.0,14000,0.00029841699870303273,14,16,2,0.00019537499974831007,9.341599798062816e-05,4,0.001290124997467501,0.0004093330026080366,0.0036872080017928965,0.9999999999995934,8.131273432354647e-13,0.5939485708525227,9.017357391361754e-07,6.161737786669619e-13,6.161737786669619e-13,,1e-12
success,,B-B_1.70_sto-6g_as-002-002,hamiltonian_generator/b2_active_space_library/B-B/1.70/sto-6g/B-B_1.70_sto-6g_as-002-002.tensors.npz,B-B,1.70,sto-6g,2,2,4,12,14,fermionic_coloring,1,1000,0.001,1.0,14000,0.002808917000947986,12,12,2,0.0016242079982475843,1.195799995912239e-05,4,0.001290124997467501,0.0004093330026080366,0.0037819590033905115,0.9999999999995847,8.306688670245421e-13,0.5939485541826816,9.114103724582808e-07,6.337153024560394e-13,6.337153024560394e-13,,1e-12
success,,B-B_1.70_sto-6g_as-002-004,hamiltonian_generator/b2_active_space_library/B-B/1.70/sto-6g/B-B_1.70_sto-6g_as-002-004.tensors.npz,B-B,1.70,sto-6g,2,4,6,27,33,jw_raw,1,1,1.0,1.0,33,0.0,,,,,,9,0.0021337920006772038,0.00025675000142655335,1.9707997125806287e-05,0.9999996915746449,6.168506151427167e-07,0.31153587941641453,0.000785398440467531,1.5543122344752192e-15,1.5543122344752192e-15,1.0,1e-12
success,,B-B_1.70_sto-6g_as-002-004,hamiltonian_generator/b2_active_space_library/B-B/1.70/sto-6g/B-B_1.70_sto-6g_as-002-004.tensors.npz,B-B,1.70,sto-6g,2,4,6,27,33,jw_coloring,1,1,1.0,1.0,33,0.000377333999495022,33,168,3,0.0003363329997227993,3.004199970746413e-05,9,0.0021337920006772038,0.00025675000142655335,1.445800080546178e-05,0.9997201330039238,0.0005596556666168651,0.31208402773578114,0.023658698023187305,2.3314683517128287e-15,2.3314683517128287e-15,907.279092989769,1e-12
success,,B-B_1.70_sto-6g_as-002-004,hamiltonian_generator/b2_active_space_library/B-B/1.70/sto-6g/B-B_1.70_sto-6g_as-002-004.tensors.npz,B-B,1.70,sto-6g,2,4,6,27,33,fermionic_coloring,1,1,1.0,1.0,33,0.011647375002212357,27,90,4,0.009019458000693703,2.9625000024680048e-05,9,0.0021337920006772038,0.00025675000142655335,1.45840022014454e-05,0.999981431182597,3.713729000509591e-05,0.3114682970456842,0.006094065540020181,1.1102230246251565e-15,1.1102230246251565e-15,60.20467369802931,1e-12
success,,B-B_1.70_sto-6g_as-002-004,hamiltonian_generator/b2_active_space_library/B-B/1.70/sto-6g/B-B_1.70_sto-6g_as-002-004.tensors.npz,B-B,1.70,sto-6g,2,4,6,27,33,jw_raw,1,10,0.1,1.0,330,0.0,,,,,,9,0.0021337920006772038,0.00025675000142655335,0.00012241700096637942,0.9999999969160519,6.1678961937872145e-09,0.3115194369529511,7.853595478369901e-05,0.0,0.0,1.0,1e-12
success,,B-B_1.70_sto-6g_as-002-004,hamiltonian_generator/b2_active_space_library/B-B/1.70/sto-6g/B-B_1.70_sto-6g_as-002-004.tensors.npz,B-B,1.70,sto-6g,2,4,6,27,33,jw_coloring,1,10,0.1,1.0,330,0.000377333999495022,33,168,3,0.0003363329997227993,3.004199970746413e-05,9,0.0021337920006772038,0.00025675000142655335,0.00012045800031046383,0.9999965715959189,6.856796408216681e-06,0.3114839975822311,0.0026185507751708467,0.0,0.0,1111.6912789685696,1e-12
success,,B-B_1.70_sto-6g_as-002-004,hamiltonian_generator/b2_active_space_library/B-B/1.70/sto-6g/B-B_1.70_sto-6g_as-002-004.tensors.npz,B-B,1.70,sto-6g,2,4,6,27,33,fermionic_coloring,1,10,0.1,1.0,330,0.011647375002212357,27,90,4,0.009019458000693703,2.9625000024680048e-05,9,0.0021337920006772038,0.00025675000142655335,0.00011812500088126399,0.9999998122056785,3.755886077705384e-07,0.31150744029203226,0.0006128528722912463,0.0,0.0,60.894119480944,1e-12
success,,B-B_1.70_sto-6g_as-002-004,hamiltonian_generator/b2_active_space_library/B-B/1.70/sto-6g/B-B_1.70_sto-6g_as-002-004.tensors.npz,B-B,1.70,sto-6g,2,4,6,27,33,jw_raw,1,100,0.01,1.0,3300,0.0,,,,,,9,0.0021337920006772038,0.00025675000142655335,0.001123540998378303,0.9999999999691505,6.16990902813086e-11,0.3115178123575571,7.854876846985482e-06,2.0650148258027912e-14,2.0650148258027912e-14,1.0,1e-12
success,,B-B_1.70_sto-6g_as-002-004,hamiltonian_generator/b2_active_space_library/B-B/1.70/sto-6g/B-B_1.70_sto-6g_as-002-004.tensors.npz,B-B,1.70,sto-6g,2,4,6,27,33,jw_coloring,1,100,0.01,1.0,3300,0.000377333999495022,33,168,3,0.0003363329997227993,3.004199970746413e-05,9,0.0021337920006772038,0.00025675000142655335,0.0011075000002165325,0.9999999656467475,6.870650370860432e-08,0.31151330715772413,0.0002621192570755717,1.4876988529977098e-14,1.4876988529977098e-14,1113.574015359811,1e-12
success,,B-B_1.70_sto-6g_as-002-004,hamiltonian_generator/b2_active_space_library/B-B/1.70/sto-6g/B-B_1.70_sto-6g_as-002-004.tensors.npz,B-B,1.70,sto-6g,2,4,6,27,33,fermionic_coloring,1,100,0.01,1.0,3300,0.011647375002212357,27,90,4,0.009019458000693703,2.9625000024680048e-05,9,0.0021337920006772038,0.00025675000142655335,0.0011044999992009252,0.9999999981217803,3.756439381774612e-09,0.31151656154529206,6.128979834992617e-05,1.1324274851176597e-14,1.1324274851176597e-14,60.88322152964717,1e-12
success,,B-B_1.70_sto-6g_as-002-004,hamiltonian_generator/b2_active_space_library/B-B/1.70/sto-6g/B-B_1.70_sto-6g_as-002-004.tensors.npz,B-B,1.70,sto-6g,2,4,6,27,33,jw_raw,1,1000,0.001,1.0,33000,0.0,,,,,,9,0.0021337920006772038,0.00025675000142655335,0.011147458000777988,0.9999999999990831,1.8338663920758336e-12,0.3115176500997804,1.3542032314522934e-06,1.216693412686709e-12,1.216693412686709e-12,1.0,1e-12
success,,B-B_1.70_sto-6g_as-002-004,hamiltonian_generator/b2_active_space_library/B-B/1.70/sto-6g/B-B_1.70_sto-6g_as-002-004.tensors.npz,B-B,1.70,sto-6g,2,4,6,27,33,jw_coloring,1,1000,0.001,1.0,33000,0.000377333999495022,33,168,3,0.0003363329997227993,3.004199970746413e-05,9,0.0021337920006772038,0.00025675000142655335,0.01101645800008555,0.9999999996558596,6.882807657149215e-10,0.31151719010312307,2.623510559755614e-05,1.199040866595169e-12,1.199040866595169e-12,375.3167453686887,1e-12
success,,B-B_1.70_sto-6g_as-002-004,hamiltonian_generator/b2_active_space_library/B-B/1.70/sto-6g/B-B_1.70_sto-6g_as-002-004.tensors.npz,B-B,1.70,sto-6g,2,4,6,27,33,fermionic_coloring,1,1000,0.001,1.0,33000,0.011647375002212357,27,90,4,0.009019458000693703,2.9625000024680048e-05,9,0.0021337920006772038,0.00025675000142655335,0.010989082999003585,0.999999999980638,3.8723912965110685e-11,0.3115175245089472,6.222854085153426e-06,1.1585177261963508e-12,1.1585177261963508e-12,21.115994672478507,1e-12
success,,B-B_1.70_sto-6g_as-004-004,hamiltonian_generator/b2_active_space_library/B-B/1.70/sto-6g/B-B_1.70_sto-6g_as-004-004.tensors.npz,B-B,1.70,sto-6g,4,4,8,48,60,jw_raw,1,1,1.0,1.0,60,0.0,,,,,,36,0.006179749998409534,0.0002541249996284023,5.662500188918784e-05,0.9998121364920676,0.0003756917231672041,1.9388145349744692,0.01938367911065537,1.887379141862766e-15,1.7763568394002505e-15,1.0,1e-12
success,,B-B_1.70_sto-6g_as-004-004,hamiltonian_generator/b2_active_space_library/B-B/1.70/sto-6g/B-B_1.70_sto-6g_as-004-004.tensors.npz,B-B,1.70,sto-6g,4,4,8,48,60,jw_coloring,1,1,1.0,1.0,60,0.0010392080002930015,60,576,4,0.0009686250014055986,5.5374999647028744e-05,36,0.006179749998409534,0.0002541249996284023,5.13339982717298e-05,0.9806812295931949,0.03826432592357931,1.9353065083403385,0.19656434268099124,2.7755575615628914e-15,2.7755575615628914e-15,101.85032984224014,1e-12
success,,B-B_1.70_sto-6g_as-004-004,hamiltonian_generator/b2_active_space_library/B-B/1.70/sto-6g/B-B_1.70_sto-6g_as-004-004.tensors.npz,B-B,1.70,sto-6g,4,4,8,48,60,fermionic_coloring,1,1,1.0,1.0,60,0.03218962499886402,48,288,4,0.02723066600083257,4.504200114752166e-05,36,0.006179749998409534,0.0002541249996284023,5.0834001740440726e-05,0.9970644857991114,0.005862411158153447,1.9406214153995733,0.0766226363536071,1.887379141862766e-15,1.887379141862766e-15,15.604312782649037,1e-12
success,,B-B_1.70_sto-6g_as-004-004,hamiltonian_generator/b2_active_space_library/B-B/1.70/sto-6g/B-B_1.70_sto-6g_as-004-004.tensors.npz,B-B,1.70,sto-6g,4,4,8,48,60,jw_raw,1,10,0.1,1.0,600,0.0,,,,,,36,0.006179749998409534,0.0002541249996284023,0.00040395800169790164,0.9999981500152866,3.699966004355737e-06,1.9392740947370377,0.0019235304590362625,9.992007221626409e-16,9.992007221626409e-16,1.0,1e-12
success,,B-B_1.70_sto-6g_as-004-004,hamiltonian_generator/b2_active_space_library/B-B/1.70/sto-6g/B-B_1.70_sto-6g_as-004-004.tensors.npz,B-B,1.70,sto-6g,4,4,8,48,60,jw_coloring,1,10,0.1,1.0,600,0.0010392080002930015,60,576,4,0.0009686250014055986,5.5374999647028744e-05,36,0.006179749998409534,0.0002541249996284023,0.0004065000030095689,0.9997619897220914,0.0004759639069248367,1.9399679365652451,0.02181789531135374,1.9984014443252818e-15,1.9984014443252818e-15,128.64007571002392,1e-12
success,,B-B_1.70_sto-6g_as-004-004,hamiltonian_generator/b2_active_space_library/B-B/1.70/sto-6g/B-B_1.70_sto-6g_as-004-004.tensors.npz,B-B,1.70,sto-6g,4,4,8,48,60,fermionic_coloring,1,10,0.1,1.0,600,0.03218962499886402,48,288,4,0.02723066600083257,4.504200114752166e-05,36,0.006179749998409534,0.0002541249996284023,0.000402958998165559,0.9999698821348147,6.0234823284655015e-05,1.9395820434672733,0.0077611681060589,0.0,0.0,16.2798315481127,1e-12
success,,B-B_1.70_sto-6g_as-004-004,hamiltonian_generator/b2_active_space_library/B-B/1.70/sto-6g/B-B_1.70_sto-6g_as-004-004.tensors.npz,B-B,1.70,sto-6g,4,4,8,48,60,jw_raw,1,100,0.01,1.0,6000,0.0,,,,,,36,0.006179749998409534,0.0002541249996284023,0.004078707999724429,0.9999999815255869,3.69488258877837e-08,1.939333898420463,0.00019222077468590798,1.2212453270876722e-15,1.2212453270876722e-15,1.0,1e-12
success,,B-B_1.70_sto-6g_as-004-004,hamiltonian_generator/b2_active_space_library/B-B/1.70/sto-6g/B-B_1.70_sto-6g_as-004-004.tensors.npz,B-B,1.70,sto-6g,4,4,8,48,60,jw_coloring,1,100,0.01,1.0,6000,0.0010392080002930015,60,576,4,0.0009686250014055986,5.5374999647028744e-05,36,0.006179749998409534,0.0002541249996284023,0.003975375002482906,0.9999976150331683,4.769927975267763e-06,1.9394134092531932,0.002184017780006474,2.55351295663786e-15,2.6645352591003757e-15,129.09552227056915,1e-12
success,,B-B_1.70_sto-6g_as-004-004,hamiltonian_generator/b2_active_space_library/B-B/1.70/sto-6g/B-B_1.70_sto-6g_as-004-004.tensors.npz,B-B,1.70,sto-6g,4,4,8,48,60,fermionic_coloring,1,100,0.01,1.0,6000,0.03218962499886402,48,288,4,0.02723066600083257,4.504200114752166e-05,36,0.006179749998409534,0.0002541249996284023,0.004104833999008406,0.9999996986861033,6.026277026283111e-07,1.9393658772183084,0.0007762910494425107,0.0,0.0,16.309793021800903,1e-12
success,,B-B_1.70_sto-6g_as-004-004,hamiltonian_generator/b2_active_space_library/B-B/1.70/sto-6g/B-B_1.70_sto-6g_as-004-004.tensors.npz,B-B,1.70,sto-6g,4,4,8,48,60,jw_raw,1,1000,0.001,1.0,60000,0.0,,,,,,36,0.006179749998409534,0.0002541249996284023,0.039577749997988576,0.9999999998144462,3.711075891033033e-10,1.9393400166681292,1.9264152955770032e-05,1.669886451338698e-12,1.669886451338698e-12,1.0,1e-12
success,,B-B_1.70_sto-6g_as-004-004,hamiltonian_generator/b2_active_space_library/B-B/1.70/sto-6g/B-B_1.70_sto-6g_as-004-004.tensors.npz,B-B,1.70,sto-6g,4,4,8,48,60,jw_coloring,1,1000,0.001,1.0,60000,0.0010392080002930015,60,576,4,0.0009686250014055986,5.5374999647028744e-05,36,0.006179749998409534,0.0002541249996284023,0.03957625000111875,0.9999999761489582,4.770208306137391e-08,1.9393480664440275,0.00021840806673858323,1.6702195182460855e-12,1.670108495943623e-12,128.53976707033962,1e-12
success,,B-B_1.70_sto-6g_as-004-004,hamiltonian_generator/b2_active_space_library/B-B/1.70/sto-6g/B-B_1.70_sto-6g_as-004-004.tensors.npz,B-B,1.70,sto-6g,4,4,8,48,60,fermionic_coloring,1,1000,0.001,1.0,60000,0.03218962499886402,48,288,4,0.02723066600083257,4.504200114752166e-05,36,0.006179749998409534,0.0002541249996284023,0.03933962500013877,0.999999996985927,6.028145982384103e-09,1.939343226269629,7.764113589060958e-05,1.7256196471748808e-12,1.7256196471748808e-12,16.243661297656942,1e-12
success,,B-B_1.70_sto-6g_as-004-006,hamiltonian_generator/b2_active_space_library/B-B/1.70/sto-6g/B-B_1.70_sto-6g_as-004-006.tensors.npz,B-B,1.70,sto-6g,4,6,10,93,131,jw_raw,1,1,1.0,1.0,131,0.0,,,,,,100,0.017588457998499507,0.00031166600092547014,0.0002851249992090743,0.9981714296455048,0.003653797039449125,1.7586115764762624,0.060474297920608225,3.1086244689504383e-15,3.219646771412954e-15,1.0,1e-12
success,,B-B_1.70_sto-6g_as-004-006,hamiltonian_generator/b2_active_space_library/B-B/1.70/sto-6g/B-B_1.70_sto-6g_as-004-006.tensors.npz,B-B,1.70,sto-6g,4,6,10,93,131,jw_coloring,1,1,1.0,1.0,131,0.005446541999845067,131,3136,8,0.00524254199990537,0.00017195899999933317,100,0.017588457998499507,0.00031166600092547014,0.00027804099954664707,0.9823097482573281,0.03506755847862475,1.744885236456755,0.1880970586833931,2.55351295663786e-15,2.55351295663786e-15,9.597566066207063,1e-12
success,,B-B_1.70_sto-6g_as-004-006,hamiltonian_generator/b2_active_space_library/B-B/1.70/sto-6g/B-B_1.70_sto-6g_as-004-006.tensors.npz,B-B,1.70,sto-6g,4,6,10,93,131,fermionic_coloring,1,1,1.0,1.0,131,0.13528337499883492,93,1560,12,0.12313054100013687,0.000112292000267189,100,0.017588457998499507,0.00031166600092547014,0.0002884999994421378,0.9846208136148753,0.030521853396381027,1.7388047939390765,0.17538065107146056,3.4416913763379853e-15,3.4416913763379853e-15,8.35346163644129,1e-12
success,,B-B_1.70_sto-6g_as-004-006,hamiltonian_generator/b2_active_space_library/B-B/1.70/sto-6g/B-B_1.70_sto-6g_as-004-006.tensors.npz,B-B,1.70,sto-6g,4,6,10,93,131,jw_raw,1,10,0.1,1.0,1310,0.0,,,,,,100,0.017588457998499507,0.00031166600092547014,0.002714542002649978,0.9999815518001309,3.689605940204732e-05,1.7617493609530104,0.006074240671733378,1.965094753586527e-14,1.965094753586527e-14,1.0,1e-12
success,,B-B_1.70_sto-6g_as-004-006,hamiltonian_generator/b2_active_space_library/B-B/1.70/sto-6g/B-B_1.70_sto-6g_as-004-006.tensors.npz,B-B,1.70,sto-6g,4,6,10,93,131,jw_coloring,1,10,0.1,1.0,1310,0.005446541999845067,131,3136,8,0.00524254199990537,0.00017195899999933317,100,0.017588457998499507,0.00031166600092547014,0.00278374999834341,0.9997994734759659,0.00040101283718141367,1.760526801428061,0.020026308897753878,1.1324274851176597e-14,1.1213252548714081e-14,10.86871724732647,1e-12
success,,B-B_1.70_sto-6g_as-004-006,hamiltonian_generator/b2_active_space_library/B-B/1.70/sto-6g/B-B_1.70_sto-6g_as-004-006.tensors.npz,B-B,1.70,sto-6g,4,6,10,93,131,fermionic_coloring,1,10,0.1,1.0,1310,0.13528337499883492,93,1560,12,0.12313054100013687,0.000112292000267189,100,0.017588457998499507,0.00031166600092547014,0.0026685000011639204,0.9998555690088515,0.00028884112198568346,1.7601519024162793,0.01699594017102142,1.8318679906315083e-14,1.8207657603852567e-14,7.828508698944039,1e-12
success,,B-B_1.70_sto-6g_as-004-006,hamiltonian_generator/b2_active_space_library/B-B/1.70/sto-6g/B-B_1.70_sto-6g_as-004-006.tensors.npz,B-B,1.70,sto-6g,4,6,10,93,131,jw_raw,1,100,0.01,1.0,13100,0.0,,,,,,100,0.017588457998499507,0.00031166600092547014,0.026768708001327468,0.9999998155830342,3.688338976459704e-07,1.7622488006849037,0.0006073169943438064,1.9906298831529057e-13,1.9906298831529057e-13,1.0,1e-12
success,,B-B_1.70_sto-6g_as-004-006,hamiltonian_generator/b2_active_space_library/B-B/1.70/sto-6g/B-B_1.70_sto-6g_as-004-006.tensors.npz,B-B,1.70,sto-6g,4,6,10,93,131,jw_coloring,1,100,0.01,1.0,13100,0.005446541999845067,131,3136,8,0.00524254199990537,0.00017195899999933317,100,0.017588457998499507,0.00031166600092547014,0.02656924999973853,0.9999979895325195,4.020930919002019e-06,1.7621316562500444,0.0020052269101004465,1.6631140908884845e-13,1.6620038678638593e-13,10.901739088150617,1e-12
success,,B-B_1.70_sto-6g_as-004-006,hamiltonian_generator/b2_active_space_library/B-B/1.70/sto-6g/B-B_1.70_sto-6g_as-004-006.tensors.npz,B-B,1.70,sto-6g,4,6,10,93,131,fermionic_coloring,1,100,0.01,1.0,13100,0.13528337499883492,93,1560,12,0.12313054100013687,0.000112292000267189,100,0.017588457998499507,0.00031166600092547014,0.026660292001906782,0.9999985656879451,2.8686220525653283e-06,1.762094008441797,0.0016937013047785589,1.9939605522267811e-13,1.9950707752514063e-13,7.777544501397236,1e-12
success,,B-B_1.70_sto-6g_as-004-006,hamiltonian_generator/b2_active_space_library/B-B/1.70/sto-6g/B-B_1.70_sto-6g_as-004-006.tensors.npz,B-B,1.70,sto-6g,4,6,10,93,131,jw_raw,1,1000,0.001,1.0,131000,0.0,,,,,,100,0.017588457998499507,0.00031166600092547014,0.26395537500138744,0.9999999981554307,3.689138550200255e-09,1.7623005626110277,6.073827911786977e-05,9.823253321883385e-13,9.823253321883385e-13,1.0,1e-12
success,,B-B_1.70_sto-6g_as-004-006,hamiltonian_generator/b2_active_space_library/B-B/1.70/sto-6g/B-B_1.70_sto-6g_as-004-006.tensors.npz,B-B,1.70,sto-6g,4,6,10,93,131,jw_coloring,1,1000,0.001,1.0,131000,0.005446541999845067,131,3136,8,0.00524254199990537,0.00017195899999933317,100,0.017588457998499507,0.00031166600092547014,0.2636917919990083,0.9999999798916549,4.0216689756178425e-08,1.7622889022942716,0.00020054099381489968,9.32920407592519e-13,9.32920407592519e-13,10.901376895697064,1e-12
success,,B-B_1.70_sto-6g_as-004-006,hamiltonian_generator/b2_active_space_library/B-B/1.70/sto-6g/B-B_1.70_sto-6g_as-004-006.tensors.npz,B-B,1.70,sto-6g,4,6,10,93,131,fermionic_coloring,1,1000,0.001,1.0,131000,0.13528337499883492,93,1560,12,0.12313054100013687,0.000112292000267189,100,0.017588457998499507,0.00031166600092547014,0.2723044580015994,0.9999999856662908,2.866741821705432e-08,1.7622851335276835,0.00016931455471724493,9.543477119677846e-13,9.543477119677846e-13,7.7707621513695075,1e-12
success,,B-B_1.70_sto-6g_as-004-008,hamiltonian_generator/b2_active_space_library/B-B/1.70/sto-6g/B-B_1.70_sto-6g_as-004-008.tensors.npz,B-B,1.70,sto-6g,4,8,12,162,246,jw_raw,1,1,1.0,1.0,246,0.0,,,,,,225,0.0434066250018077,0.000360250000085216,0.0018979590022354387,0.9975352394053185,0.004923446144573851,1.177198431717147,0.07021054898918654,3.1086244689504383e-15,2.9976021664879227e-15,1.0,1e-12
success,,B-B_1.70_sto-6g_as-004-008,hamiltonian_generator/b2_active_space_library/B-B/1.70/sto-6g/B-B_1.70_sto-6g_as-004-008.tensors.npz,B-B,1.70,sto-6g,4,8,12,162,246,jw_coloring,1,1,1.0,1.0,246,0.021626290999847697,246,11040,8,0.02103325000280165,0.0005351670006348286,225,0.0434066250018077,0.000360250000085216,0.0018829590007953811,0.9865467877130004,0.0267254356531601,1.2092451577487144,0.16403177915879338,1.5791192783831676e-05,1.5791192783942698e-05,5.428197012495873,1e-12
success,,B-B_1.70_sto-6g_as-004-008,hamiltonian_generator/b2_active_space_library/B-B/1.70/sto-6g/B-B_1.70_sto-6g_as-004-008.tensors.npz,B-B,1.70,sto-6g,4,8,12,162,246,fermionic_coloring,1,1,1.0,1.0,246,0.4509647919985582,162,5454,16,0.42495237500043004,0.0003114580031251535,225,0.0434066250018077,0.000360250000085216,0.0019494589978421573,0.9809152907304712,0.0378051924111551,1.1776090108603336,0.19536995300981555,4.218847493575595e-15,4.107825191113079e-15,7.678603827690965,1e-12
success,,B-B_1.70_sto-6g_as-004-008,hamiltonian_generator/b2_active_space_library/B-B/1.70/sto-6g/B-B_1.70_sto-6g_as-004-008.tensors.npz,B-B,1.70,sto-6g,4,8,12,162,246,jw_raw,1,10,0.1,1.0,2460,0.0,,,,,,225,0.0434066250018077,0.000360250000085216,0.019021500000235392,0.9999753116611112,4.937606826349583e-05,1.1829825069216282,0.007026854045559911,4.4075854077618715e-14,4.4075854077618715e-14,1.0,1e-12
success,,B-B_1.70_sto-6g_as-004-008,hamiltonian_generator/b2_active_space_library/B-B/1.70/sto-6g/B-B_1.70_sto-6g_as-004-008.tensors.npz,B-B,1.70,sto-6g,4,8,12,162,246,jw_coloring,1,10,0.1,1.0,2460,0.021626290999847697,246,11040,8,0.02103325000280165,0.0005351670006348286,225,0.0434066250018077,0.000360250000085216,0.018946666998090222,0.9998575770692724,0.00028482557716402734,1.1861075028787769,0.01687737720901189,9.114863230852421e-08,9.114863219750191e-08,5.768494478824298,1e-12
success,,B-B_1.70_sto-6g_as-004-008,hamiltonian_generator/b2_active_space_library/B-B/1.70/sto-6g/B-B_1.70_sto-6g_as-004-008.tensors.npz,B-B,1.70,sto-6g,4,8,12,162,246,fermionic_coloring,1,10,0.1,1.0,2460,0.4509647919985582,162,5454,16,0.42495237500043004,0.0003114580031251535,225,0.0434066250018077,0.000360250000085216,0.019035959001485026,0.9997725381900169,0.00045487188109127885,1.1819607609277385,0.02132893855695217,4.518607710224387e-14,4.5075054799781356e-14,9.212395743295131,1e-12
success,,B-B_1.70_sto-6g_as-004-008,hamiltonian_generator/b2_active_space_library/B-B/1.70/sto-6g/B-B_1.70_sto-6g_as-004-008.tensors.npz,B-B,1.70,sto-6g,4,8,12,162,246,jw_raw,1,100,0.01,1.0,24600,0.0,,,,,,225,0.0434066250018077,0.000360250000085216,0.19476270800078055,0.9999997533656216,4.932686958891708e-07,1.1840658206925905,0.0007023309453024212,0.0,0.0,1.0,1e-12
success,,B-B_1.70_sto-6g_as-004-008,hamiltonian_generator/b2_active_space_library/B-B/1.70/sto-6g/B-B_1.70_sto-6g_as-004-008.tensors.npz,B-B,1.70,sto-6g,4,8,12,162,246,jw_coloring,1,100,0.01,1.0,24600,0.021626290999847697,246,11040,8,0.02103325000280165,0.0005351670006348286,225,0.0434066250018077,0.000360250000085216,0.18724204099999042,0.9999985741405749,2.8517168171315888e-06,1.1843743581084227,0.0016887033043646216,9.113721999298718e-10,9.113720889075694e-10,5.781264533706233,1e-12
success,,B-B_1.70_sto-6g_as-004-008,hamiltonian_generator/b2_active_space_library/B-B/1.70/sto-6g/B-B_1.70_sto-6g_as-004-008.tensors.npz,B-B,1.70,sto-6g,4,8,12,162,246,fermionic_coloring,1,100,0.01,1.0,24600,0.4509647919985582,162,5454,16,0.42495237500043004,0.0003114580031251535,225,0.0434066250018077,0.000360250000085216,0.1867770829994697,0.999997721520378,4.556954052437057e-06,1.1839572789343737,0.0021347035494304455,0.0,0.0,9.238279441639103,1e-12
success,,B-B_1.70_sto-6g_as-004-008,hamiltonian_generator/b2_active_space_library/B-B/1.70/sto-6g/B-B_1.70_sto-6g_as-004-008.tensors.npz,B-B,1.70,sto-6g,4,8,12,162,246,jw_raw,1,1000,0.001,1.0,246000,0.0,,,,,,225,0.0434066250018077,0.000360250000085216,1.8533589170001505,0.9999999975333401,4.933319752709053e-09,1.1841791049039172,7.023759500943247e-05,1.1903811270030928e-12,1.1902701047006303e-12,1.0,1e-12
success,,B-B_1.70_sto-6g_as-004-008,hamiltonian_generator/b2_active_space_library/B-B/1.70/sto-6g/B-B_1.70_sto-6g_as-004-008.tensors.npz,B-B,1.70,sto-6g,4,8,12,162,246,jw_coloring,1,1000,0.001,1.0,246000,0.021626290999847697,246,11040,8,0.02103325000280165,0.0005351670006348286,225,0.0434066250018077,0.000360250000085216,1.8501114999999118,0.9999999857398854,2.852022906729701e-08,1.1842099165254028,0.0001688793335175788,1.024402784821632e-11,1.0243916825913857e-11,5.78114342814199,1e-12
success,,B-B_1.70_sto-6g_as-004-008,hamiltonian_generator/b2_active_space_library/B-B/1.70/sto-6g/B-B_1.70_sto-6g_as-004-008.tensors.npz,B-B,1.70,sto-6g,4,8,12,162,246,fermionic_coloring,1,1000,0.001,1.0,246000,0.4509647919985582,162,5454,16,0.42495237500043004,0.0003114580031251535,225,0.0434066250018077,0.000360250000085216,1.8530711670027813,0.9999999772144794,4.5571040607761404e-08,1.1841681938743451,0.00021347374818200227,1.064259791405675e-12,1.064259791405675e-12,9.237398525148668,1e-12
success,,B-B_1.70_sto-6g_as-006-008,hamiltonian_generator/b2_active_space_library/B-B/1.70/sto-6g/B-B_1.70_sto-6g_as-006-008.tensors.npz,B-B,1.70,sto-6g,6,8,14,283,461,jw_raw,1,1,1.0,1.0,461,0.0,,,,,,1225,0.42169654199824436,0.0011259579987381585,0.013887249999243068,0.9946569617868205,0.01065752836901146,0.306920977496372,0.10337348028560803,3.3306690738754696e-16,5.551115123125783e-16,1.0,1e-12
success,,B-B_1.70_sto-6g_as-006-008,hamiltonian_generator/b2_active_space_library/B-B/1.70/sto-6g/B-B_1.70_sto-6g_as-006-008.tensors.npz,B-B,1.70,sto-6g,6,8,14,283,461,jw_coloring,1,1,1.0,1.0,461,0.07650066600035643,461,37176,17,0.07470433300113655,0.0016580410010647029,1225,0.42169654199824436,0.0011259579987381585,0.013838124999892898,0.9693853386070242,0.06029206529374498,0.3411332147336056,0.24744559560831045,4.533800665007526e-06,4.533800665118548e-06,5.65722775545728,1e-12
success,,B-B_1.70_sto-6g_as-006-008,hamiltonian_generator/b2_active_space_library/B-B/1.70/sto-6g/B-B_1.70_sto-6g_as-006-008.tensors.npz,B-B,1.70,sto-6g,6,8,14,283,461,fermionic_coloring,1,1,1.0,1.0,461,1.4767854589990748,283,17596,27,1.4264375419988937,0.000942375001613982,1225,0.42169654199824436,0.0011259579987381585,0.014006500001414679,0.9904594027939579,0.018990171417036183,0.28963429977017036,0.1381346966264599,0.0,0.0,1.7818551130723022,1e-12
success,,B-B_1.70_sto-6g_as-006-008,hamiltonian_generator/b2_active_space_library/B-B/1.70/sto-6g/B-B_1.70_sto-6g_as-006-008.tensors.npz,B-B,1.70,sto-6g,6,8,14,283,461,jw_raw,1,10,0.1,1.0,4610,0.0,,,,,,1225,0.42169654199824436,0.0011259579987381585,0.13620266599900788,0.9999459708389475,0.00010805540295466542,0.2881190045268463,0.010395110490269945,2.4313884239290928e-14,2.453592884421596e-14,1.0,1e-12
success,,B-B_1.70_sto-6g_as-006-008,hamiltonian_generator/b2_active_space_library/B-B/1.70/sto-6g/B-B_1.70_sto-6g_as-006-008.tensors.npz,B-B,1.70,sto-6g,6,8,14,283,461,jw_coloring,1,10,0.1,1.0,4610,0.07650066600035643,461,37176,17,0.07470433300113655,0.0016580410010647029,1225,0.42169654199824436,0.0011259579987381585,0.13592991699988488,0.9996300707716264,0.0007397216091132863,0.28214626992903313,0.027200339276326844,4.231777772645273e-08,4.231777761543043e-08,6.845762348631804,1e-12
success,,B-B_1.70_sto-6g_as-006-008,hamiltonian_generator/b2_active_space_library/B-B/1.70/sto-6g/B-B_1.70_sto-6g_as-006-008.tensors.npz,B-B,1.70,sto-6g,6,8,14,283,461,fermionic_coloring,1,10,0.1,1.0,4610,1.4767854589990748,283,17596,27,1.4264375419988937,0.000942375001613982,1225,0.42169654199824436,0.0011259579987381585,0.13613216700105113,0.9999065283868694,0.00018693448931861312,0.2841533798917168,0.01367271832011162,1.9317880628477724e-14,1.942890293094024e-14,1.7299874342890689,1e-12
success,,B-B_1.70_sto-6g_as-006-008,hamiltonian_generator/b2_active_space_library/B-B/1.70/sto-6g/B-B_1.70_sto-6g_as-006-008.tensors.npz,B-B,1.70,sto-6g,6,8,14,283,461,jw_raw,1,100,0.01,1.0,46100,0.0,,,,,,1225,0.42169654199824436,0.0011259579987381585,1.356470624999929,0.9999994605432306,1.0789132477428964e-06,0.2864493215313071,0.001038707629091243,2.432498646953718e-13,2.431388423929093e-13,1.0,1e-12
success,,B-B_1.70_sto-6g_as-006-008,hamiltonian_generator/b2_active_space_library/B-B/1.70/sto-6g/B-B_1.70_sto-6g_as-006-008.tensors.npz,B-B,1.70,sto-6g,6,8,14,283,461,jw_coloring,1,100,0.01,1.0,46100,0.07650066600035643,461,37176,17,0.07470433300113655,0.0016580410010647029,1225,0.42169654199824436,0.0011259579987381585,1.3540027080016444,0.9999963050319731,7.389922401013216e-06,0.28574686964034685,0.0027184436822856595,4.217816096385718e-10,4.2178172066087427e-10,6.849412977802479,1e-12
success,,B-B_1.70_sto-6g_as-006-008,hamiltonian_generator/b2_active_space_library/B-B/1.70/sto-6g/B-B_1.70_sto-6g_as-006-008.tensors.npz,B-B,1.70,sto-6g,6,8,14,283,461,fermionic_coloring,1,100,0.01,1.0,46100,1.4767854589990748,283,17596,27,1.4264375419988937,0.000942375001613982,1225,0.42169654199824436,0.0011259579987381585,1.3537157920000027,0.9999990695849369,1.8608292605692967e-06,0.2860339180733562,0.001364122474783767,2.83550960489265e-13,2.8343993818680246e-13,1.7247255647867712,1e-12
success,,B-B_1.70_sto-6g_as-006-008,hamiltonian_generator/b2_active_space_library/B-B/1.70/sto-6g/B-B_1.70_sto-6g_as-006-008.tensors.npz,B-B,1.70,sto-6g,6,8,14,283,461,jw_raw,1,1000,0.001,1.0,461000,0.0,,,,,,1225,0.42169654199824436,0.0011259579987381585,13.536885083001835,0.9999999946053078,1.0789384496945331e-08,0.28628514413850364,0.00010387196203473453,2.226663298188214e-12,2.2265522758857514e-12,1.0,1e-12
success,,B-B_1.70_sto-6g_as-006-008,hamiltonian_generator/b2_active_space_library/B-B/1.70/sto-6g/B-B_1.70_sto-6g_as-006-008.tensors.npz,B-B,1.70,sto-6g,6,8,14,283,461,jw_coloring,1,1000,0.001,1.0,461000,0.07650066600035643,461,37176,17,0.07470433300113655,0.0016580410010647029,1225,0.42169654199824436,0.0011259579987381585,13.545316833999095,0.9999999630612139,7.38775709496764e-08,0.28621388357734856,0.0002718042904038566,6.689648834878881e-12,6.689537812576418e-12,6.847246102925747,1e-12
success,,B-B_1.70_sto-6g_as-006-008,hamiltonian_generator/b2_active_space_library/B-B/1.70/sto-6g/B-B_1.70_sto-6g_as-006-008.tensors.npz,B-B,1.70,sto-6g,6,8,14,283,461,fermionic_coloring,1,1000,0.001,1.0,461000,1.4767854589990748,283,17596,27,1.4264375419988937,0.000942375001613982,1225,0.42169654199824436,0.0011259579987381585,13.566231417000381,0.9999999906990117,1.8601976514709406e-08,0.2862434211605888,0.00013638906343886855,2.5557334026871104e-12,2.5555113580821853e-12,1.7240998798379983,1e-12
success,,B-B_1.70_sto-6g_as-006-010,hamiltonian_generator/b2_active_space_library/B-B/1.70/sto-6g/B-B_1.70_sto-6g_as-006-010.tensors.npz,B-B,1.70,sto-6g,6,10,16,480,824,jw_raw,1,1,1.0,1.0,824,0.0,,,,,,3136,1.5038229589990806,0.0032856660000106785,0.10177291699801572,0.9690996539976775,0.060845860621581704,1.4528832167178938,0.2485974497146843,0.0,0.0,1.0,1e-12
success,,B-B_1.70_sto-6g_as-006-010,hamiltonian_generator/b2_active_space_library/B-B/1.70/sto-6g/B-B_1.70_sto-6g_as-006-010.tensors.npz,B-B,1.70,sto-6g,6,10,16,480,824,jw_coloring,1,1,1.0,1.0,824,0.2752036659985606,824,111776,23,0.27013029199952143,0.004770124996866798,3136,1.5038229589990806,0.0032856660000106785,0.09995545800120453,0.9534104286472415,0.09100855454668333,1.429036513331857,0.3052525883682513,0.0009692429093880461,0.0009692429093880461,1.4957230223546722,1e-12
success,,B-B_1.70_sto-6g_as-006-010,hamiltonian_generator/b2_active_space_library/B-B/1.70/sto-6g/B-B_1.70_sto-6g_as-006-010.tensors.npz,B-B,1.70,sto-6g,6,10,16,480,824,fermionic_coloring,1,1,1.0,1.0,824,4.592779083002824,480,52104,35,4.495628874999966,0.0026258750003762543,3136,1.5038229589990806,0.0032856660000106785,0.09982787500121049,0.988598453824887,0.022673097095042838,1.4583603577910653,0.15100692815306865,3.6637359812630166e-15,3.6637359812630166e-15,0.3726317100854813,1e-12
success,,B-B_1.70_sto-6g_as-006-010,hamiltonian_generator/b2_active_space_library/B-B/1.70/sto-6g/B-B_1.70_sto-6g_as-006-010.tensors.npz,B-B,1.70,sto-6g,6,10,16,480,824,jw_raw,1,10,0.1,1.0,8240,0.0,,,,,,3136,1.5038229589990806,0.0032856660000106785,0.9985972920003405,0.999576730070704,0.0008463607011589547,1.4604444301950772,0.02909535802481136,0.0,0.0,1.0,1e-12
success,,B-B_1.70_sto-6g_as-006-010,hamiltonian_generator/b2_active_space_library/B-B/1.70/sto-6g/B-B_1.70_sto-6g_as-006-010.tensors.npz,B-B,1.70,sto-6g,6,10,16,480,824,jw_coloring,1,10,0.1,1.0,8240,0.2752036659985606,824,111776,23,0.27013029199952143,0.004770124996866798,3136,1.5038229589990806,0.0032856660000106785,1.004591666001943,0.9994323719459143,0.0011349339065636066,1.457665157937459,0.03369356182079071,2.6936760294526962e-06,2.6936760294526962e-06,1.3409577087044535,1e-12
success,,B-B_1.70_sto-6g_as-006-010,hamiltonian_generator/b2_active_space_library/B-B/1.70/sto-6g/B-B_1.70_sto-6g_as-006-010.tensors.npz,B-B,1.70,sto-6g,6,10,16,480,824,fermionic_coloring,1,10,0.1,1.0,8240,4.592779083002824,480,52104,35,4.495628874999966,0.0026258750003762543,3136,1.5038229589990806,0.0032856660000106785,1.0046559169968532,0.9998886272663896,0.0002227330633349789,1.4597275819060633,0.014924659702009499,0.0,0.0,0.26316564914933055,1e-12
success,,B-B_1.70_sto-6g_as-006-010,hamiltonian_generator/b2_active_space_library/B-B/1.70/sto-6g/B-B_1.70_sto-6g_as-006-010.tensors.npz,B-B,1.70,sto-6g,6,10,16,480,824,jw_raw,1,100,0.01,1.0,82400,0.0,,,,,,3136,1.5038229589990806,0.0032856660000106785,9.992910875000234,0.9999957546801355,8.490621706380708e-06,1.4589985768894287,0.0029138702320239238,0.0,0.0,1.0,1e-12
success,,B-B_1.70_sto-6g_as-006-010,hamiltonian_generator/b2_active_space_library/B-B/1.70/sto-6g/B-B_1.70_sto-6g_as-006-010.tensors.npz,B-B,1.70,sto-6g,6,10,16,480,824,jw_coloring,1,100,0.01,1.0,82400,0.2752036659985606,824,111776,23,0.27013029199952143,0.004770124996866798,3136,1.5038229589990806,0.0032856660000106785,10.053788166998856,0.9999943066659364,1.1386635713206417e-05,1.4587012083724993,0.0033744137457161123,2.671793808417533e-08,2.6717938195197632e-08,1.3410838578109483,1e-12
success,,B-B_1.70_sto-6g_as-006-010,hamiltonian_generator/b2_active_space_library/B-B/1.70/sto-6g/B-B_1.70_sto-6g_as-006-010.tensors.npz,B-B,1.70,sto-6g,6,10,16,480,824,fermionic_coloring,1,100,0.01,1.0,82400,4.592779083002824,480,52104,35,4.495628874999966,0.0026258750003762543,3136,1.5038229589990806,0.0032856660000106785,9.81349120899904,0.9999988900102095,2.2199783489273983e-06,1.4589039434160451,0.001489959590409388,0.0,0.0,0.2614624023655515,1e-12
success,,B-B_1.70_sto-6g_as-006-010,hamiltonian_generator/b2_active_space_library/B-B/1.70/sto-6g/B-B_1.70_sto-6g_as-006-010.tensors.npz,B-B,1.70,sto-6g,6,10,16,480,824,jw_raw,1,1000,0.001,1.0,824000,0.0,,,,,,3136,1.5038229589990806,0.0032856660000106785,97.65741812499982,0.9999999575505388,8.48989205604056e-08,1.4588228968336994,0.00029137419641547265,0.0,0.0,1.0,1e-12
success,,B-B_1.70_sto-6g_as-006-010,hamiltonian_generator/b2_active_space_library/B-B/1.70/sto-6g/B-B_1.70_sto-6g_as-006-010.tensors.npz,B-B,1.70,sto-6g,6,10,16,480,824,jw_coloring,1,1000,0.001,1.0,824000,0.2752036659985606,824,111776,23,0.27013029199952143,0.004770124996866798,3136,1.5038229589990806,0.0032856660000106785,97.69459566600199,0.9999999430661226,1.1386775156108087e-07,1.4587929547407563,0.00033744296522631443,2.60894306158832e-10,2.608944171811345e-10,1.3412155397201304,1e-12
success,,B-B_1.70_sto-6g_as-006-010,hamiltonian_generator/b2_active_space_library/B-B/1.70/sto-6g/B-B_1.70_sto-6g_as-006-010.tensors.npz,B-B,1.70,sto-6g,6,10,16,480,824,fermionic_coloring,1,1000,0.001,1.0,824000,4.592779083002824,480,52104,35,4.495628874999966,0.0026258750003762543,3136,1.5038229589990806,0.0032856660000106785,98.23751733300014,0.9999999889070222,2.218595540615098e-08,1.458813203255982,0.00014894950660265138,0.0,0.0,0.2613219963187361,1e-12
success,,B-B_1.70_sto-6g_as-008-010,hamiltonian_generator/b2_active_space_library/B-B/1.70/sto-6g/B-B_1.70_sto-6g_as-008-010.tensors.npz,B-B,1.70,sto-6g,8,10,18,779,1387,jw_raw,1,1,1.0,1.0,1387,0.0,,,,,,15876,15.745598833000258,0.05889137499980279,0.25145645800148486,0.9765913296262209,0.04626937489889005,1.4966946964507806,0.21637315163291004,2.1094237467877974e-15,1.9984014443252818e-15,1.0,1e-12
success,,B-B_1.70_sto-6g_as-008-010,hamiltonian_generator/b2_active_space_library/B-B/1.70/sto-6g/B-B_1.70_sto-6g_as-008-010.tensors.npz,B-B,1.70,sto-6g,8,10,18,779,1387,jw_coloring,1,1,1.0,1.0,1387,0.8815391669995734,1387,298672,44,0.8664700829976937,0.014130499999737367,15876,15.745598833000258,0.05889137499980279,0.2491164579987526,0.933866499804452,0.1278933605429814,1.4810854437023966,0.3636853040625864,4.141082833497567e-05,4.141082964170817e-05,2.7641039201947253,1e-12
success,,B-B_1.70_sto-6g_as-008-010,hamiltonian_generator/b2_active_space_library/B-B/1.70/sto-6g/B-B_1.70_sto-6g_as-008-010.tensors.npz,B-B,1.70,sto-6g,8,10,18,779,1387,fermionic_coloring,1,1,1.0,1.0,1387,13.459986500001833,779,136516,66,13.275637957998697,0.007140041001548525,15876,15.745598833000258,0.05889137499980279,0.2495630830017035,0.9573439369387173,0.08349258640667723,1.5348433014761542,0.2920823961189125,2.220446049250313e-15,2.4424906541753444e-15,1.804489180783813,1e-12
success,,B-B_1.70_sto-6g_as-008-010,hamiltonian_generator/b2_active_space_library/B-B/1.70/sto-6g/B-B_1.70_sto-6g_as-008-010.tensors.npz,B-B,1.70,sto-6g,8,10,18,779,1387,jw_raw,1,10,0.1,1.0,13870,0.0,,,,,,15876,15.745598833000258,0.05889137499980279,2.4929807919979794,0.999736402650564,0.0005271252153093986,1.4915806162897867,0.022960720782938846,3.630429290524262e-14,3.6415315207705135e-14,1.0,1e-12
success,,B-B_1.70_sto-6g_as-008-010,hamiltonian_generator/b2_active_space_library/B-B/1.70/sto-6g/B-B_1.70_sto-6g_as-008-010.tensors.npz,B-B,1.70,sto-6g,8,10,18,779,1387,jw_coloring,1,10,0.1,1.0,13870,0.8815391669995734,1387,298672,44,0.8664700829976937,0.014130499999737367,15876,15.745598833000258,0.05889137499980279,2.488355875000707,0.9989892668263264,0.002020444765798879,1.4928744369821378,0.04496072004925226,4.567976310543287e-07,4.56797631165351e-07,3.8329503258783957,1e-12
success,,B-B_1.70_sto-6g_as-008-010,hamiltonian_generator/b2_active_space_library/B-B/1.70/sto-6g/B-B_1.70_sto-6g_as-008-010.tensors.npz,B-B,1.70,sto-6g,8,10,18,779,1387,fermionic_coloring,1,10,0.1,1.0,13870,13.459986500001833,779,136516,66,13.275637957998697,0.007140041001548525,15876,15.745598833000258,0.05889137499980279,2.49223845799861,0.9994747342636248,0.0010502555686566772,1.4976294385068387,0.032411903257144145,4.107825191113079e-14,4.118927421359331e-14,1.9924214174429595,1e-12
success,,B-B_1.70_sto-6g_as-008-010,hamiltonian_generator/b2_active_space_library/B-B/1.70/sto-6g/B-B_1.70_sto-6g_as-008-010.tensors.npz,B-B,1.70,sto-6g,8,10,18,779,1387,jw_raw,1,100,0.01,1.0,138700,0.0,,,,,,15876,15.745598833000258,0.05889137499980279,24.978394499998103,0.999997368980767,5.262031543828982e-06,1.4931086114855676,0.0022939133519096883,0.0,0.0,1.0,1e-12
success,,B-B_1.70_sto-6g_as-008-010,hamiltonian_generator/b2_active_space_library/B-B/1.70/sto-6g/B-B_1.70_sto-6g_as-008-010.tensors.npz,B-B,1.70,sto-6g,8,10,18,779,1387,jw_coloring,1,100,0.01,1.0,138700,0.8815391669995734,1387,298672,44,0.8664700829976937,0.014130499999737367,15876,15.745598833000258,0.05889137499980279,24.915248707999126,0.9999898482121977,2.0303472545779577e-05,1.4932618059370566,0.004505948912777786,4.59509619243903e-09,4.5950960814167274e-09,3.858485525346263,1e-12
success,,B-B_1.70_sto-6g_as-008-010,hamiltonian_generator/b2_active_space_library/B-B/1.70/sto-6g/B-B_1.70_sto-6g_as-008-010.tensors.npz,B-B,1.70,sto-6g,8,10,18,779,1387,fermionic_coloring,1,100,0.01,1.0,138700,13.459986500001833,779,136516,66,13.275637957998697,0.007140041001548525,15876,15.745598833000258,0.05889137499980279,24.96611062499869,0.9999947153255541,1.0569320964104456e-05,1.493733061419853,0.0032510535049235447,0.0,0.0,2.008600837161375,1e-12
success,,B-B_1.70_sto-6g_as-008-010,hamiltonian_generator/b2_active_space_library/B-B/1.70/sto-6g/B-B_1.70_sto-6g_as-008-010.tensors.npz,B-B,1.70,sto-6g,8,10,18,779,1387,jw_raw,1,1000,0.001,1.0,1387000,0.0,,,,,,15876,15.745598833000258,0.05889137499980279,249.36533508399953,0.9999999736932444,5.2613510437282685e-08,1.493287757729669,0.00022937635253751965,1.0073053502424045e-12,1.007194327939942e-12,1.0,1e-12
success,,B-B_1.70_sto-6g_as-008-010,hamiltonian_generator/b2_active_space_library/B-B/1.70/sto-6g/B-B_1.70_sto-6g_as-008-010.tensors.npz,B-B,1.70,sto-6g,8,10,18,779,1387,jw_coloring,1,1000,0.001,1.0,1387000,0.8815391669995734,1387,298672,44,0.8664700829976937,0.014130499999737367,15876,15.745598833000258,0.05889137499980279,250.13209949999873,0.9999998984752142,2.0304956127592533e-07,1.4933032938313793,0.0004506102213676466,4.739264536368637e-11,4.739253434138391e-11,3.8592665569800397,1e-12
success,,B-B_1.70_sto-6g_as-008-010,hamiltonian_generator/b2_active_space_library/B-B/1.70/sto-6g/B-B_1.70_sto-6g_as-008-010.tensors.npz,B-B,1.70,sto-6g,8,10,18,779,1387,fermionic_coloring,1,1000,0.001,1.0,1387000,13.459986500001833,779,136516,66,13.275637957998697,0.007140041001548525,15876,15.745598833000258,0.05889137499980279,249.70065649999742,0.9999999471304102,1.0573917685885448e-07,1.4933503945417577,0.0003251756135296927,8.967271369897389e-13,8.968381592922015e-13,2.00973430550504,1e-12
success,,B-B_1.70_sto-6g_as-010-010,hamiltonian_generator/b2_active_space_library/B-B/1.70/sto-6g/B-B_1.70_sto-6g_as-010-010.tensors.npz,B-B,1.70,sto-6g,10,10,20,1228,2238,jw_raw,1,1,1.0,1.0,2238,0.0,,,,,,63504,108.2116896669977,0.5622884590011381,0.7752627919981023,0.9662485231608442,0.06636379148948757,1.4358334968358715,0.25981330542970965,3.6637359812630166e-15,3.6637359812630166e-15,1.0,1e-12
success,,B-B_1.70_sto-6g_as-010-010,hamiltonian_generator/b2_active_space_library/B-B/1.70/sto-6g/B-B_1.70_sto-6g_as-010-010.tensors.npz,B-B,1.70,sto-6g,10,10,20,1228,2238,jw_coloring,1,1,1.0,1.0,2238,2.397099916001025,2238,733152,54,2.3620056660001865,0.03335791700010304,63504,108.2116896669977,0.5622884590011381,0.772633541997493,0.9855224305260797,0.02874553892996845,1.4562995607455795,0.1701620960961654,2.6743127901185382e-05,2.674313229522607e-05,0.43315094398308934,1e-12
success,,B-B_1.70_sto-6g_as-010-010,hamiltonian_generator/b2_active_space_library/B-B/1.70/sto-6g/B-B_1.70_sto-6g_as-010-010.tensors.npz,B-B,1.70,sto-6g,10,10,20,1228,2238,fermionic_coloring,1,1,1.0,1.0,2238,34.14858949999689,1228,333568,97,33.83459583399963,0.016315583998220973,63504,108.2116896669977,0.5622884590011381,0.7649042500015639,0.9671056057591966,0.0647067473091375,1.470994984834342,0.2564932523120381,5.329070518200751e-15,5.10702591327572e-15,0.9750308994836054,1e-12
success,,B-B_1.70_sto-6g_as-010-010,hamiltonian_generator/b2_active_space_library/B-B/1.70/sto-6g/B-B_1.70_sto-6g_as-010-010.tensors.npz,B-B,1.70,sto-6g,10,10,20,1228,2238,jw_raw,1,10,0.1,1.0,22380,0.0,,,,,,63504,108.2116896669977,0.5622884590011381,7.774311499997566,0.9997028047396238,0.0005943021957296457,1.4338082481088121,0.024380125527822573,1.4577228313328305e-13,1.4566126083082054e-13,1.0,1e-12
success,,B-B_1.70_sto-6g_as-010-010,hamiltonian_generator/b2_active_space_library/B-B/1.70/sto-6g/B-B_1.70_sto-6g_as-010-010.tensors.npz,B-B,1.70,sto-6g,10,10,20,1228,2238,jw_coloring,1,10,0.1,1.0,22380,2.397099916001025,2238,733152,54,2.3620056660001865,0.03335791700010304,63504,108.2116896669977,0.5622884590011381,7.826694791998307,0.9998750857478597,0.00024981290071024453,1.4367681038428353,0.015805964199651988,8.905230786115936e-08,8.905230808320397e-08,0.420346588831866,1e-12
success,,B-B_1.70_sto-6g_as-010-010,hamiltonian_generator/b2_active_space_library/B-B/1.70/sto-6g/B-B_1.70_sto-6g_as-010-010.tensors.npz,B-B,1.70,sto-6g,10,10,20,1228,2238,fermionic_coloring,1,10,0.1,1.0,22380,34.14858949999689,1228,333568,97,33.83459583399963,0.016315583998220973,63504,108.2116896669977,0.5622884590011381,7.930766125002265,0.9996572447854329,0.0006853929479969656,1.4389617413740332,0.026182254088105504,1.5765166949677223e-13,1.5765166949677223e-13,1.1532734573788417,1e-12
success,,B-B_1.70_sto-6g_as-010-010,hamiltonian_generator/b2_active_space_library/B-B/1.70/sto-6g/B-B_1.70_sto-6g_as-010-010.tensors.npz,B-B,1.70,sto-6g,10,10,20,1228,2238,jw_raw,1,100,0.01,1.0,223800,0.0,,,,,,63504,108.2116896669977,0.5622884590011381,79.26106675000119,0.9999970450687246,5.9098538193191885e-06,1.4354736094965266,0.002431020886559844,0.0,0.0,1.0,1e-12
success,,B-B_1.70_sto-6g_as-010-010,hamiltonian_generator/b2_active_space_library/B-B/1.70/sto-6g/B-B_1.70_sto-6g_as-010-010.tensors.npz,B-B,1.70,sto-6g,10,10,20,1228,2238,jw_coloring,1,100,0.01,1.0,223800,2.397099916001025,2238,733152,54,2.3620056660001865,0.03335791700010304,63504,108.2116896669977,0.5622884590011381,80.19316529199932,0.9999987548491129,2.490300223700892e-06,1.435776730360917,0.0015780690017002887,8.875042922795728e-10,8.875044033018753e-10,0.4213810188604247,1e-12
success,,B-B_1.70_sto-6g_as-010-010,hamiltonian_generator/b2_active_space_library/B-B/1.70/sto-6g/B-B_1.70_sto-6g_as-010-010.tensors.npz,B-B,1.70,sto-6g,10,10,20,1228,2238,fermionic_coloring,1,100,0.01,1.0,223800,34.14858949999689,1228,333568,97,33.83459583399963,0.016315583998220973,63504,108.2116896669977,0.5622884590011381,80.76839966699845,0.9999965693808095,6.861226611865057e-06,1.4360001816841659,0.0026193965681061493,0.0,0.0,1.1609807656216218,1e-12
success,,B-B_1.70_sto-6g_as-010-010,hamiltonian_generator/b2_active_space_library/B-B/1.70/sto-6g/B-B_1.70_sto-6g_as-010-010.tensors.npz,B-B,1.70,sto-6g,10,10,20,1228,2238,jw_raw,1,1000,0.001,1.0,2238000,0.0,,,,,,63504,108.2116896669977,0.5622884590011381,831.9633376659986,0.9999999704640284,5.9071942226651686e-08,1.4356644663488167,0.00024304720347049892,0.0,0.0,1.0,1e-12
success,,B-B_1.70_sto-6g_as-010-010,hamiltonian_generator/b2_active_space_library/B-B/1.70/sto-6g/B-B_1.70_sto-6g_as-010-010.tensors.npz,B-B,1.70,sto-6g,10,10,20,1228,2238,jw_coloring,1,1000,0.001,1.0,2238000,2.397099916001025,2238,733152,54,2.3620056660001865,0.03335791700010304,63504,108.2116896669977,0.5622884590011381,803.6830394169992,0.9999999875512644,2.4897471084806e-08,1.4356948491826456,0.00015778932535450015,1.269873095566254e-12,1.2697620732637915e-12,0.42147710311060205,1e-12
success,,B-B_1.70_sto-6g_as-010-010,hamiltonian_generator/b2_active_space_library/B-B/1.70/sto-6g/B-B_1.70_sto-6g_as-010-010.tensors.npz,B-B,1.70,sto-6g,10,10,20,1228,2238,fermionic_coloring,1,1000,0.001,1.0,2238000,34.14858949999689,1228,333568,97,33.83459583399963,0.016315583998220973,63504,108.2116896669977,0.5622884590011381,805.9925887499994,0.9999999656871235,6.862575185895281e-08,1.4357172304291048,0.00026196517531954156,0.0,0.0,1.1617317676071044,1e-12
