status,error_message,case_id,tensor_path,molecule,bond_length,basis,active_occupied,active_vacant,n_qubits,number_of_fermionic_terms,number_of_pauli_terms,graph_level,schedule,sample_index,random_seed,graph_vertices,graph_edges,graph_density,number_of_colors,group_sizes,group_order,within_group_order_hash,pauli_order_hash,trotter_steps,trotter_dt,evolution_time,nominal_exponential_count,bch2_hf_state_norm,leading_state_error_norm_estimate,bch_squared_ratio_to_raw,schedule_build_time_seconds,bch_evaluation_time_seconds,exact_sector_dimension,exact_build_time_seconds,exact_evolution_time_seconds,trotter_runtime_seconds,state_overlap_abs,state_infidelity,state_vector_2norm_error,phase_aligned_state_2norm_error,particle_number_leakage,spin_sector_leakage,state_infidelity_ratio_to_raw_jw,state_infidelity_ratio_to_current_coloring,coefficient_tolerance
success,,Be-Be_2.04_hgbs-5_as-008-006,hamiltonian_generator/hgbs5_diatomic_basis_transfer/screen/Be-Be/2.04/hgbs-5/Be-Be_2.04_hgbs-5_as-008-006.tensors.npz,Be-Be,2.04,hgbs-5,8,6,14,385,665,baseline,jw_raw,-1,-1,,,,,[],[],4f53cda18c2baa0c,83ad86fe5f0793a6,100,0.01,1.0,66500,0.3529295896911312,0.001764647948455656,1.0,5.166999471839517e-06,0.0006784999986848561,1225,0.785513875000106,0.0025896659990394255,2.0901301670000976,0.9999985433698851,2.913258107972716e-06,1.9998831877614245,0.001706827533677594,0.0,0.0,1.0,,1e-12
success,,Be-Be_2.04_hgbs-5_as-008-006,hamiltonian_generator/hgbs5_diatomic_basis_transfer/screen/Be-Be/2.04/hgbs-5/Be-Be_2.04_hgbs-5_as-008-006.tensors.npz,Be-Be,2.04,hgbs-5,8,6,14,385,665,jw,current,-1,-1,665,78408,0.35514086420871455,33,"[41,30,30,16,31,23,17,12,25,24,14,10,44,18,22,19,14,53,15,48,18,11,44,18,12,8,8,8,8,8,8,4,4]","[0,1,2,3,4,5,6,7,8,9,10,11,12,13,14,15,16,17,18,19,20,21,22,23,24,25,26,27,28,29,30,31,32]",96280e3fa1d7a52d,6bc34abe2d823f15,100,0.01,1.0,66500,0.36902188441395395,0.0018451094220697697,1.0932716893653038,6.750000466126949e-06,0.000879082999745151,1225,0.785513875000106,0.0025896659990394255,2.0785813750007947,0.9999984940586201,3.011880492009844e-06,1.9998847162977405,0.0017354776748383762,0.0,0.0,1.0338529510197632,1.0,1e-12
success,,Be-Be_2.04_hgbs-5_as-008-006,hamiltonian_generator/hgbs5_diatomic_basis_transfer/screen/Be-Be/2.04/hgbs-5/Be-Be_2.04_hgbs-5_as-008-006.tensors.npz,Be-Be,2.04,hgbs-5,8,6,14,385,665,fermionic,current,-1,-1,385,35164,0.4757034632034632,45,"[13,14,14,14,4,4,10,10,4,4,13,6,10,10,10,11,4,23,23,5,8,12,14,7,8,7,7,6,4,4,4,20,18,22,8,5,5,4,4,2,2,2,2,2,2]","[0,1,2,3,4,5,6,7,8,9,10,11,12,13,14,15,16,17,18,19,20,21,22,23,24,25,26,27,28,29,30,31,32,33,34,35,36,37,38,39,40,41,42,43,44]",ca6ef1566cfd5a37,99c7f795496edc8e,100,0.01,1.0,66500,0.16679202097486284,0.0008339601048743142,0.22334405632629187,8.209000952774659e-06,0.0008228750011767261,1225,0.785513875000106,0.0025896659990394255,2.07756179199896,0.9999997540605055,4.918789285879299e-07,1.9998843940672206,0.0007013408508671691,0.0,0.0,0.16884152050990758,1.0,1e-12
success,,Be-Be_2.04_hgbs-5_as-008-006,hamiltonian_generator/hgbs5_diatomic_basis_transfer/screen/Be-Be/2.04/hgbs-5/Be-Be_2.04_hgbs-5_as-008-006.tensors.npz,Be-Be,2.04,hgbs-5,8,6,14,385,665,jw,reverse_groups,-1,-1,665,78408,0.35514086420871455,33,"[41,30,30,16,31,23,17,12,25,24,14,10,44,18,22,19,14,53,15,48,18,11,44,18,12,8,8,8,8,8,8,4,4]","[32,31,30,29,28,27,26,25,24,23,22,21,20,19,18,17,16,15,14,13,12,11,10,9,8,7,6,5,4,3,2,1,0]",27900c79a1054337,092acc091f9a39f7,100,0.01,1.0,66500,0.36902188441395395,0.0018451094220697697,1.0932716893653038,6.2920007621869445e-06,0.0006873340007587103,1225,0.785513875000106,0.0025896659990394255,2.101327124999443,0.999998493865092,3.0122675476196292e-06,1.9998817998023475,0.0017355891841179794,0.0,0.0,1.0339858110669817,1.000128509617434,1e-12
success,,Be-Be_2.04_hgbs-5_as-008-006,hamiltonian_generator/hgbs5_diatomic_basis_transfer/screen/Be-Be/2.04/hgbs-5/Be-Be_2.04_hgbs-5_as-008-006.tensors.npz,Be-Be,2.04,hgbs-5,8,6,14,385,665,fermionic,reverse_groups,-1,-1,385,35164,0.4757034632034632,45,"[13,14,14,14,4,4,10,10,4,4,13,6,10,10,10,11,4,23,23,5,8,12,14,7,8,7,7,6,4,4,4,20,18,22,8,5,5,4,4,2,2,2,2,2,2]","[44,43,42,41,40,39,38,37,36,35,34,33,32,31,30,29,28,27,26,25,24,23,22,21,20,19,18,17,16,15,14,13,12,11,10,9,8,7,6,5,4,3,2,1,0]",081c5d64b7d4ddbf,338891daae5e1668,100,0.01,1.0,66500,0.2483132812475241,0.0012415664062376205,0.49502115041297196,9.290999514632858e-06,0.0009360419990116498,1225,0.785513875000106,0.0025896659990394255,2.08646674999909,0.9999993491910438,1.301617488791429e-06,1.9998827352988768,0.00114088470598107,0.0,0.0,0.4467909950132092,2.6462151825207685,1e-12
success,,Be-Be_2.04_hgbs-5_as-008-006,hamiltonian_generator/hgbs5_diatomic_basis_transfer/screen/Be-Be/2.04/hgbs-5/Be-Be_2.04_hgbs-5_as-008-006.tensors.npz,Be-Be,2.04,hgbs-5,8,6,14,385,665,jw,random_groups,0,229094829,665,78408,0.35514086420871455,33,"[41,30,30,16,31,23,17,12,25,24,14,10,44,18,22,19,14,53,15,48,18,11,44,18,12,8,8,8,8,8,8,4,4]","[15,4,14,26,8,27,25,16,1,20,22,19,3,32,10,6,30,11,13,17,0,29,9,18,24,23,21,31,28,7,2,5,12]",21d030e385ab7d5b,dd70ecc8f9f5f064,100,0.01,1.0,66500,0.33228583359896247,0.0016614291679948124,0.8864362548194731,7.041000571916811e-06,0.0008697089997440344,1225,0.785513875000106,0.0025896659990394255,2.0792904999998427,0.9999987880220658,2.4239543995330237e-06,1.9998824685779346,0.0015569058637146652,2.060439596718311e-10,2.060439596718311e-10,0.8320424451576692,0.8047976690853049,1e-12
success,,Be-Be_2.04_hgbs-5_as-008-006,hamiltonian_generator/hgbs5_diatomic_basis_transfer/screen/Be-Be/2.04/hgbs-5/Be-Be_2.04_hgbs-5_as-008-006.tensors.npz,Be-Be,2.04,hgbs-5,8,6,14,385,665,fermionic,random_groups,0,1624691752,385,35164,0.4757034632034632,45,"[13,14,14,14,4,4,10,10,4,4,13,6,10,10,10,11,4,23,23,5,8,12,14,7,8,7,7,6,4,4,4,20,18,22,8,5,5,4,4,2,2,2,2,2,2]","[7,15,37,41,16,2,9,12,43,13,22,25,39,33,27,29,20,23,38,5,24,1,31,36,8,17,42,4,14,10,30,18,19,34,26,6,11,40,21,32,28,44,35,3,0]",c36f1714d66d47a7,245a07bf947d0246,100,0.01,1.0,66500,0.15967494553920217,0.0007983747276960108,0.2046903699617595,7.374999768217094e-06,0.0006875830003991723,1225,0.785513875000106,0.0025896659990394255,2.0832432499992137,0.9999998191907085,3.6161855043737035e-07,1.9998835420483936,0.0006013473065358548,0.0,0.0,0.12412856569341678,0.7351779664062723,1e-12
success,,Be-Be_2.04_hgbs-5_as-008-006,hamiltonian_generator/hgbs5_diatomic_basis_transfer/screen/Be-Be/2.04/hgbs-5/Be-Be_2.04_hgbs-5_as-008-006.tensors.npz,Be-Be,2.04,hgbs-5,8,6,14,385,665,jw,random_groups,1,4028005437,665,78408,0.35514086420871455,33,"[41,30,30,16,31,23,17,12,25,24,14,10,44,18,22,19,14,53,15,48,18,11,44,18,12,8,8,8,8,8,8,4,4]","[6,18,8,21,30,29,25,28,12,20,27,22,1,26,23,9,11,5,2,16,15,31,10,14,4,24,17,32,7,3,19,13,0]",a71ba7e0c0294f3f,c4c82620d22308d3,100,0.01,1.0,66500,0.1705860481352061,0.0008529302406760304,0.2336204596620284,7.458000254700892e-06,0.0008864169994922122,1225,0.785513875000106,0.0025896659990394255,2.088257416999113,0.9999997473682748,5.052633865743061e-07,1.9998837040368018,0.0007108188590717962,1.7742685098909305e-10,1.774267399667906e-10,0.17343584668709972,0.16775678447890247,1e-12
success,,Be-Be_2.04_hgbs-5_as-008-006,hamiltonian_generator/hgbs5_diatomic_basis_transfer/screen/Be-Be/2.04/hgbs-5/Be-Be_2.04_hgbs-5_as-008-006.tensors.npz,Be-Be,2.04,hgbs-5,8,6,14,385,665,fermionic,random_groups,1,4182571696,385,35164,0.4757034632034632,45,"[13,14,14,14,4,4,10,10,4,4,13,6,10,10,10,11,4,23,23,5,8,12,14,7,8,7,7,6,4,4,4,20,18,22,8,5,5,4,4,2,2,2,2,2,2]","[5,26,9,33,13,35,17,41,30,0,2,3,28,20,14,44,6,19,10,37,29,4,39,23,34,1,27,22,21,38,12,40,8,7,31,16,11,15,36,25,43,18,42,24,32]",3f50f630c2b40d1f,4881950daf28d3cd,100,0.01,1.0,66500,0.1294407060870316,0.000647203530435158,0.13451341672017367,7.95800042396877e-06,0.0007669589995202841,1225,0.785513875000106,0.0025896659990394255,2.079420083999139,0.999999903301508,1.933969746570341e-07,1.9998842876050962,0.0004397692394687326,0.0,0.0,0.06638511504619671,0.39318003560801407,1e-12
success,,Be-Be_2.04_hgbs-5_as-008-006,hamiltonian_generator/hgbs5_diatomic_basis_transfer/screen/Be-Be/2.04/hgbs-5/Be-Be_2.04_hgbs-5_as-008-006.tensors.npz,Be-Be,2.04,hgbs-5,8,6,14,385,665,jw,random_groups,2,1789066502,665,78408,0.35514086420871455,33,"[41,30,30,16,31,23,17,12,25,24,14,10,44,18,22,19,14,53,15,48,18,11,44,18,12,8,8,8,8,8,8,4,4]","[1,20,17,6,3,13,25,27,24,4,19,7,11,0,30,2,9,21,12,8,26,5,29,32,10,14,31,16,22,15,18,23,28]",123a3d6170371b05,2c1c0c34f80633b7,100,0.01,1.0,66500,0.2752734994810936,0.001376367497405468,0.6083488136835038,7.124999683583155e-06,0.0008383330005017342,1225,0.785513875000106,0.0025896659990394255,2.0808518329995422,0.9999991613232521,1.677352792550657e-06,1.9998834721620626,0.0012951268261745424,2.531308496145357e-14,2.531308496145357e-14,0.5757652533293374,0.5569121341303123,1e-12
success,,Be-Be_2.04_hgbs-5_as-008-006,hamiltonian_generator/hgbs5_diatomic_basis_transfer/screen/Be-Be/2.04/hgbs-5/Be-Be_2.04_hgbs-5_as-008-006.tensors.npz,Be-Be,2.04,hgbs-5,8,6,14,385,665,fermionic,random_groups,2,54793793,385,35164,0.4757034632034632,45,"[13,14,14,14,4,4,10,10,4,4,13,6,10,10,10,11,4,23,23,5,8,12,14,7,8,7,7,6,4,4,4,20,18,22,8,5,5,4,4,2,2,2,2,2,2]","[34,20,14,27,2,16,39,13,7,18,41,0,24,22,35,26,25,40,9,31,38,29,10,8,42,30,32,17,11,33,15,12,37,1,44,21,19,3,43,28,6,36,5,4,23]",36e803305f45fc0c,2a0ec47b13193c8a,100,0.01,1.0,66500,0.18852373348531615,0.0009426186674265807,0.2853355745749596,9.416999091627076e-06,0.000887416999830748,1225,0.785513875000106,0.0025896659990394255,2.0824842089987214,0.9999996450922409,7.098153921303307e-07,1.9998832399383615,0.0008425055003622493,0.0,0.0,0.24365001857809246,1.44306932229857,1e-12
success,,Be-Be_2.04_hgbs-5_as-008-006,hamiltonian_generator/hgbs5_diatomic_basis_transfer/screen/Be-Be/2.04/hgbs-5/Be-Be_2.04_hgbs-5_as-008-006.tensors.npz,Be-Be,2.04,hgbs-5,8,6,14,385,665,jw,random_groups,3,3154759261,665,78408,0.35514086420871455,33,"[41,30,30,16,31,23,17,12,25,24,14,10,44,18,22,19,14,53,15,48,18,11,44,18,12,8,8,8,8,8,8,4,4]","[22,18,6,12,25,15,8,4,26,17,24,7,29,0,1,20,10,21,31,9,32,28,14,19,27,11,13,5,2,23,16,30,3]",6405f52f3e3cd2a9,a497e0242032a94a,100,0.01,1.0,66500,0.24215502245715276,0.001210775112285764,0.47077221149669873,6.2920007621869445e-06,0.0008590839988755761,1225,0.785513875000106,0.0025896659990394255,2.0823548749995098,0.9999994041645002,1.1916706446069014e-06,1.999883227970046,0.0010916368442189118,3.0753177782116836e-13,3.076428001236309e-13,0.40905082915436,0.3956566828492233,1e-12
success,,Be-Be_2.04_hgbs-5_as-008-006,hamiltonian_generator/hgbs5_diatomic_basis_transfer/screen/Be-Be/2.04/hgbs-5/Be-Be_2.04_hgbs-5_as-008-006.tensors.npz,Be-Be,2.04,hgbs-5,8,6,14,385,665,fermionic,random_groups,3,3022009749,385,35164,0.4757034632034632,45,"[13,14,14,14,4,4,10,10,4,4,13,6,10,10,10,11,4,23,23,5,8,12,14,7,8,7,7,6,4,4,4,20,18,22,8,5,5,4,4,2,2,2,2,2,2]","[18,19,13,25,34,20,22,14,32,38,42,7,11,6,44,27,21,24,10,1,39,5,26,35,37,36,3,28,9,33,4,29,8,30,31,2,0,16,15,23,12,41,40,43,17]",4b0f7b5ffe020d16,cafeabe94d5a9e03,100,0.01,1.0,66500,0.18884661878440223,0.0009442330939220112,0.2863138021635579,8.37500010675285e-06,0.0008845840002322802,1225,0.785513875000106,0.0025896659990394255,2.0804496250002558,0.9999996957627842,6.084743389145331e-07,1.9998833264644629,0.0007800477110453778,0.0,0.0,0.20886386182169056,1.2370408723571906,1e-12
success,,Be-Be_2.04_hgbs-5_as-008-006,hamiltonian_generator/hgbs5_diatomic_basis_transfer/screen/Be-Be/2.04/hgbs-5/Be-Be_2.04_hgbs-5_as-008-006.tensors.npz,Be-Be,2.04,hgbs-5,8,6,14,385,665,jw,random_groups,4,804363615,665,78408,0.35514086420871455,33,"[41,30,30,16,31,23,17,12,25,24,14,10,44,18,22,19,14,53,15,48,18,11,44,18,12,8,8,8,8,8,8,4,4]","[17,24,19,13,23,7,30,32,15,27,22,4,5,10,8,18,16,1,31,3,26,2,28,20,21,0,25,9,11,12,29,14,6]",f8dd9df0ec1906ef,67a555dccac8ca0b,100,0.01,1.0,66500,0.12199178145021632,0.0006099589072510816,0.11947719122846245,7.374999768217094e-06,0.0008297080003103474,1225,0.785513875000106,0.0025896659990394255,2.102046125000925,0.9999998928381181,2.1432375241214885e-07,1.9998838976297106,0.0004629511462859186,1.5631873573340727e-10,1.563186247111048e-10,0.07356840501897476,0.07115944772069274,1e-12
success,,Be-Be_2.04_hgbs-5_as-008-006,hamiltonian_generator/hgbs5_diatomic_basis_transfer/screen/Be-Be/2.04/hgbs-5/Be-Be_2.04_hgbs-5_as-008-006.tensors.npz,Be-Be,2.04,hgbs-5,8,6,14,385,665,fermionic,random_groups,4,1355090254,385,35164,0.4757034632034632,45,"[13,14,14,14,4,4,10,10,4,4,13,6,10,10,10,11,4,23,23,5,8,12,14,7,8,7,7,6,4,4,4,20,18,22,8,5,5,4,4,2,2,2,2,2,2]","[33,19,3,9,35,12,5,32,7,29,4,2,23,10,42,13,20,44,17,16,41,27,38,6,14,1,0,37,15,18,28,21,34,24,22,25,30,36,39,31,8,11,26,43,40]",e67e0ff815fe17f9,e64caa3b331cded6,100,0.01,1.0,66500,0.09798934283685623,0.0004899467141842812,0.07708707156739478,9.749999662744813e-06,0.0008088329996098764,1225,0.785513875000106,0.0025896659990394255,2.0803576660000545,0.999999935101071,1.2979785379840791e-07,1.99988384377723,0.000360274697997591,0.0,0.0,0.04455418949772765,0.26388171205265365,1e-12
success,,Be-Be_2.04_hgbs-5_as-008-006,hamiltonian_generator/hgbs5_diatomic_basis_transfer/screen/Be-Be/2.04/hgbs-5/Be-Be_2.04_hgbs-5_as-008-006.tensors.npz,Be-Be,2.04,hgbs-5,8,6,14,385,665,jw,random_groups,5,65496461,665,78408,0.35514086420871455,33,"[41,30,30,16,31,23,17,12,25,24,14,10,44,18,22,19,14,53,15,48,18,11,44,18,12,8,8,8,8,8,8,4,4]","[7,22,4,0,32,3,23,19,12,9,27,5,21,25,17,28,16,30,15,6,29,2,20,1,26,8,13,11,31,24,10,14,18]",6c3f9afe6e83bb9b,3282a61de2a6b20d,100,0.01,1.0,66500,0.27986550331145005,0.0013993275165572502,0.6288145719513426,8.625000191386789e-06,0.000923333000173443,1225,0.785513875000106,0.0025896659990394255,2.080229417000737,0.9999991327060657,1.7345871164975435e-06,1.9998827770655796,0.0013170375350283843,5.8017812776256505e-11,5.801770175395404e-11,0.5954114095659762,0.5759149876959574,1e-12
success,,Be-Be_2.04_hgbs-5_as-008-006,hamiltonian_generator/hgbs5_diatomic_basis_transfer/screen/Be-Be/2.04/hgbs-5/Be-Be_2.04_hgbs-5_as-008-006.tensors.npz,Be-Be,2.04,hgbs-5,8,6,14,385,665,fermionic,random_groups,5,1342951477,385,35164,0.4757034632034632,45,"[13,14,14,14,4,4,10,10,4,4,13,6,10,10,10,11,4,23,23,5,8,12,14,7,8,7,7,6,4,4,4,20,18,22,8,5,5,4,4,2,2,2,2,2,2]","[19,35,28,14,6,23,15,0,7,18,24,40,30,17,1,37,21,11,29,34,39,16,2,27,4,43,10,25,13,9,41,33,22,20,5,31,8,36,26,3,32,44,12,38,42]",53911c0494b0089e,6addf14b1a469a2f,100,0.01,1.0,66500,0.1320467283649627,0.0006602336418248135,0.13998424150327454,6.54199902783148e-06,0.0007903339992481051,1225,0.785513875000106,0.0025896659990394255,2.0803383339989523,0.9999998972352219,2.055295457159545e-07,1.9998838120358478,0.0004533536767944793,0.0,0.0,0.07054972065588065,0.41784580263680343,1e-12
success,,Be-Be_2.04_hgbs-5_as-008-006,hamiltonian_generator/hgbs5_diatomic_basis_transfer/screen/Be-Be/2.04/hgbs-5/Be-Be_2.04_hgbs-5_as-008-006.tensors.npz,Be-Be,2.04,hgbs-5,8,6,14,385,665,jw,random_groups,6,2124934417,665,78408,0.35514086420871455,33,"[41,30,30,16,31,23,17,12,25,24,14,10,44,18,22,19,14,53,15,48,18,11,44,18,12,8,8,8,8,8,8,4,4]","[21,4,2,15,31,16,30,23,24,12,10,5,18,27,20,3,1,32,19,0,14,26,25,28,9,11,29,7,17,8,6,22,13]",07dd98a66543e863,539818f4b85a70f9,100,0.01,1.0,66500,0.12132860838366845,0.0006066430419183422,0.11818171561809063,7.624999852851033e-06,0.0008979579997685505,1225,0.785513875000106,0.0025896659990394255,2.0832003750001604,0.9999999055831221,1.8883374686140542e-07,1.9998842347585564,0.00043455006126243915,2.2361434925954882e-10,2.2361434925954882e-10,0.06481874927066159,0.06269629467781294,1e-12
success,,Be-Be_2.04_hgbs-5_as-008-006,hamiltonian_generator/hgbs5_diatomic_basis_transfer/screen/Be-Be/2.04/hgbs-5/Be-Be_2.04_hgbs-5_as-008-006.tensors.npz,Be-Be,2.04,hgbs-5,8,6,14,385,665,fermionic,random_groups,6,2745542934,385,35164,0.4757034632034632,45,"[13,14,14,14,4,4,10,10,4,4,13,6,10,10,10,11,4,23,23,5,8,12,14,7,8,7,7,6,4,4,4,20,18,22,8,5,5,4,4,2,2,2,2,2,2]","[5,0,30,28,17,23,12,31,35,20,27,6,8,21,29,19,24,33,41,11,42,44,26,40,43,10,36,25,18,9,13,34,38,4,39,15,1,32,7,14,2,3,22,37,16]",97e5c827e0238470,a4582a8d69854da0,100,0.01,1.0,66500,0.17475514792857777,0.0008737757396428888,0.24517930724478787,8.000000889296643e-06,0.0009311249996244442,1225,0.785513875000106,0.0025896659990394255,2.079352624999956,0.9999997762965117,4.474069265070213e-07,1.9998838497507783,0.0006688848754293071,0.0,0.0,0.15357613706887227,0.9095875031512787,1e-12
success,,Be-Be_2.04_hgbs-5_as-008-006,hamiltonian_generator/hgbs5_diatomic_basis_transfer/screen/Be-Be/2.04/hgbs-5/Be-Be_2.04_hgbs-5_as-008-006.tensors.npz,Be-Be,2.04,hgbs-5,8,6,14,385,665,jw,random_groups,7,494952778,665,78408,0.35514086420871455,33,"[41,30,30,16,31,23,17,12,25,24,14,10,44,18,22,19,14,53,15,48,18,11,44,18,12,8,8,8,8,8,8,4,4]","[0,29,17,27,2,30,8,16,32,15,4,28,26,1,14,24,20,7,13,3,23,19,12,10,25,11,31,5,21,18,6,22,9]",22441758d533de9d,931920cc918344f8,100,0.01,1.0,66500,0.31628351015235395,0.0015814175507617699,0.8031135578423401,8.082999556791037e-06,0.0009709160003694706,1225,0.785513875000106,0.0025896659990394255,2.119175166999412,0.999998933605128,2.1327886067235013e-06,1.9998841581903284,0.0014604073897118385,3.74058561902757e-11,3.7405745167973237e-11,0.7320973726587071,0.708125243475474,1e-12
success,,Be-Be_2.04_hgbs-5_as-008-006,hamiltonian_generator/hgbs5_diatomic_basis_transfer/screen/Be-Be/2.04/hgbs-5/Be-Be_2.04_hgbs-5_as-008-006.tensors.npz,Be-Be,2.04,hgbs-5,8,6,14,385,665,fermionic,random_groups,7,2016379552,385,35164,0.4757034632034632,45,"[13,14,14,14,4,4,10,10,4,4,13,6,10,10,10,11,4,23,23,5,8,12,14,7,8,7,7,6,4,4,4,20,18,22,8,5,5,4,4,2,2,2,2,2,2]","[8,12,30,1,43,2,28,6,32,0,44,35,11,27,42,13,21,7,25,19,38,29,23,3,9,26,40,17,34,33,36,5,4,41,18,16,14,37,39,15,10,22,20,31,24]",b8a57bc5dcf389b4,126a259ab9c6fc00,100,0.01,1.0,66500,0.1317761807496757,0.0006588809037483785,0.1394112079230921,9.332999979960732e-06,0.0009150410005531739,1225,0.785513875000106,0.0025896659990394255,2.0849098329999833,0.9999998825040161,2.349919541178025e-07,1.9998835641383703,0.00048475970117633333,0.0,0.0,0.08066293661886663,0.4777434861713019,1e-12
success,,Be-Be_2.04_hgbs-5_as-008-006,hamiltonian_generator/hgbs5_diatomic_basis_transfer/screen/Be-Be/2.04/hgbs-5/Be-Be_2.04_hgbs-5_as-008-006.tensors.npz,Be-Be,2.04,hgbs-5,8,6,14,385,665,jw,random_groups,8,2907700394,665,78408,0.35514086420871455,33,"[41,30,30,16,31,23,17,12,25,24,14,10,44,18,22,19,14,53,15,48,18,11,44,18,12,8,8,8,8,8,8,4,4]","[7,18,22,28,31,30,11,21,29,32,15,1,14,26,25,19,10,5,8,23,2,13,6,9,16,3,12,4,0,17,27,20,24]",e06aa14431cdd7a2,3dff341e46336414,100,0.01,1.0,66500,0.13340654227527765,0.0006670327113763883,0.14288219503733296,8.624998372397386e-06,0.0008298749999084976,1225,0.785513875000106,0.0025896659990394255,2.0849080420011887,0.9999998695713982,2.608571866291598e-07,1.9998838554831184,0.0005107418169834658,4.430422695378411e-11,4.4304448998389034e-11,0.0895413921324965,0.08660940808281818,1e-12
success,,Be-Be_2.04_hgbs-5_as-008-006,hamiltonian_generator/hgbs5_diatomic_basis_transfer/screen/Be-Be/2.04/hgbs-5/Be-Be_2.04_hgbs-5_as-008-006.tensors.npz,Be-Be,2.04,hgbs-5,8,6,14,385,665,fermionic,random_groups,8,449927253,385,35164,0.4757034632034632,45,"[13,14,14,14,4,4,10,10,4,4,13,6,10,10,10,11,4,23,23,5,8,12,14,7,8,7,7,6,4,4,4,20,18,22,8,5,5,4,4,2,2,2,2,2,2]","[7,8,17,21,2,31,5,44,40,9,35,15,38,12,33,4,24,3,42,34,19,37,18,36,29,25,26,30,28,1,0,11,39,27,32,6,13,10,43,23,22,14,41,20,16]",80a8c6f2b4b41905,9fbc70c3779882c7,100,0.01,1.0,66500,0.10875289770058859,0.0005437644885029429,0.09495230951436219,7.707998520345427e-06,0.000863334000314353,1225,0.785513875000106,0.0025896659990394255,2.100465790999806,0.9999999610055001,7.798899814837057e-08,1.999884091209163,0.00027926510648966296,0.0,0.0,0.02677037023768612,0.158553240677048,1e-12
success,,Be-Be_2.04_hgbs-5_as-008-006,hamiltonian_generator/hgbs5_diatomic_basis_transfer/screen/Be-Be/2.04/hgbs-5/Be-Be_2.04_hgbs-5_as-008-006.tensors.npz,Be-Be,2.04,hgbs-5,8,6,14,385,665,jw,random_groups,9,3293716,665,78408,0.35514086420871455,33,"[41,30,30,16,31,23,17,12,25,24,14,10,44,18,22,19,14,53,15,48,18,11,44,18,12,8,8,8,8,8,8,4,4]","[5,17,12,15,9,0,10,16,4,6,1,14,21,8,29,3,20,24,27,11,13,18,31,2,7,22,25,28,30,19,23,26,32]",e3b7a391f6a70be3,1b281607b5e580f8,100,0.01,1.0,66500,0.2765986080542564,0.001382993040271282,0.6142198364710305,6.791000487282872e-06,0.0008859160006977618,1225,0.785513875000106,0.0025896659990394255,2.104915957999765,0.9999992077329367,1.584533498855123e-06,1.9998828438251142,0.0012587827956304538,0.0,0.0,0.5439042611839743,0.5260944127958261,1e-12
success,,Be-Be_2.04_hgbs-5_as-008-006,hamiltonian_generator/hgbs5_diatomic_basis_transfer/screen/Be-Be/2.04/hgbs-5/Be-Be_2.04_hgbs-5_as-008-006.tensors.npz,Be-Be,2.04,hgbs-5,8,6,14,385,665,fermionic,random_groups,9,374582518,385,35164,0.4757034632034632,45,"[13,14,14,14,4,4,10,10,4,4,13,6,10,10,10,11,4,23,23,5,8,12,14,7,8,7,7,6,4,4,4,20,18,22,8,5,5,4,4,2,2,2,2,2,2]","[35,9,37,22,40,16,13,44,30,7,28,24,6,14,17,4,41,20,36,1,39,12,11,8,15,29,31,2,27,38,5,10,42,19,25,21,3,32,18,43,33,23,34,26,0]",72531517c5e752e8,f8d13aa0efaf4758,100,0.01,1.0,66500,0.22968094459453486,0.0011484047229726744,0.42351986811937814,9.749999662744813e-06,0.0006593750003958121,1225,0.785513875000106,0.0025896659990394255,2.0979264580000745,0.9999994455367925,1.1089261074959111e-06,1.9998831477577685,0.0010530557510961454,0.0,0.0,0.38064808073857653,2.2544696327597937,1e-12
success,,Be-Be_2.04_hgbs-5_as-008-006,hamiltonian_generator/hgbs5_diatomic_basis_transfer/screen/Be-Be/2.04/hgbs-5/Be-Be_2.04_hgbs-5_as-008-006.tensors.npz,Be-Be,2.04,hgbs-5,8,6,14,385,665,jw,random_groups,10,1008190869,665,78408,0.35514086420871455,33,"[41,30,30,16,31,23,17,12,25,24,14,10,44,18,22,19,14,53,15,48,18,11,44,18,12,8,8,8,8,8,8,4,4]","[28,29,24,0,20,12,19,22,30,6,7,15,31,27,9,21,17,26,2,4,16,32,23,8,13,3,14,5,10,1,18,11,25]",d2ca45f86858d2c8,5fa3349e8b024a30,100,0.01,1.0,66500,0.31647719941099023,0.0015823859970549511,0.8040974984824539,8.458000593236648e-06,0.0007767909992253408,1225,0.785513875000106,0.0025896659990394255,2.104113375000452,0.999998898857001,2.2022847855351912e-06,1.9998838633138047,0.001484010107111726,2.3447910280083306e-13,2.3436808049837055e-13,0.7559525122433184,0.7311992595249338,1e-12
success,,Be-Be_2.04_hgbs-5_as-008-006,hamiltonian_generator/hgbs5_diatomic_basis_transfer/screen/Be-Be/2.04/hgbs-5/Be-Be_2.04_hgbs-5_as-008-006.tensors.npz,Be-Be,2.04,hgbs-5,8,6,14,385,665,fermionic,random_groups,10,646179590,385,35164,0.4757034632034632,45,"[13,14,14,14,4,4,10,10,4,4,13,6,10,10,10,11,4,23,23,5,8,12,14,7,8,7,7,6,4,4,4,20,18,22,8,5,5,4,4,2,2,2,2,2,2]","[27,14,22,38,16,11,24,28,29,4,5,13,32,37,41,30,9,39,19,34,44,3,10,23,6,20,18,40,15,31,26,35,33,7,0,1,36,21,42,17,43,25,8,12,2]",e9c917c9de4d9d7d,6e055825ad9e5179,100,0.01,1.0,66500,0.15587956066737485,0.0007793978033368743,0.195075264188999,6.874999598949216e-06,0.0008977920006145723,1225,0.785513875000106,0.0025896659990394255,2.1108275420010614,0.9999998039003396,3.9219928238409807e-07,1.999883461761726,0.0006262581902041799,0.0,0.0,0.13462565548543948,0.7973492247574236,1e-12
success,,Be-Be_2.04_hgbs-5_as-008-006,hamiltonian_generator/hgbs5_diatomic_basis_transfer/screen/Be-Be/2.04/hgbs-5/Be-Be_2.04_hgbs-5_as-008-006.tensors.npz,Be-Be,2.04,hgbs-5,8,6,14,385,665,jw,random_groups,11,3260125335,665,78408,0.35514086420871455,33,"[41,30,30,16,31,23,17,12,25,24,14,10,44,18,22,19,14,53,15,48,18,11,44,18,12,8,8,8,8,8,8,4,4]","[17,1,25,10,12,18,22,24,6,2,26,31,27,15,4,8,32,13,20,28,7,0,9,19,29,21,11,30,23,3,5,16,14]",28e7459d1936c61e,4b00bb5ff8b24989,100,0.01,1.0,66500,0.23028840455901964,0.0011514420227950982,0.4257630805899836,6.8329991336213425e-06,0.000776916998802335,1225,0.785513875000106,0.0025896659990394255,2.1050607500001206,0.9999994448368765,1.1103259387468256e-06,1.9998843859813293,0.001053720193858283,3.013589378042525e-12,3.013589378042525e-12,0.3811285844217495,0.36864873679164445,1e-12
success,,Be-Be_2.04_hgbs-5_as-008-006,hamiltonian_generator/hgbs5_diatomic_basis_transfer/screen/Be-Be/2.04/hgbs-5/Be-Be_2.04_hgbs-5_as-008-006.tensors.npz,Be-Be,2.04,hgbs-5,8,6,14,385,665,fermionic,random_groups,11,802418865,385,35164,0.4757034632034632,45,"[13,14,14,14,4,4,10,10,4,4,13,6,10,10,10,11,4,23,23,5,8,12,14,7,8,7,7,6,4,4,4,20,18,22,8,5,5,4,4,2,2,2,2,2,2]","[37,17,14,32,43,27,11,2,34,39,5,10,41,23,3,6,24,31,9,28,16,30,40,20,4,13,12,21,29,25,18,44,8,38,42,35,19,33,22,1,0,7,26,15,36]",a78f1b285144cb82,c428aa011f1d879e,100,0.01,1.0,66500,0.0987530299615206,0.000493765149807603,0.07829332130287081,6.8329991336213425e-06,0.0008176669998647412,1225,0.785513875000106,0.0025896659990394255,2.0912978329997713,0.9999999528049163,9.439016523948851e-08,1.9998838299116208,0.00030722982840201984,0.0,0.0,0.03240020682725326,0.19189715141988442,1e-12
success,,Be-Be_2.04_hgbs-5_as-008-006,hamiltonian_generator/hgbs5_diatomic_basis_transfer/screen/Be-Be/2.04/hgbs-5/Be-Be_2.04_hgbs-5_as-008-006.tensors.npz,Be-Be,2.04,hgbs-5,8,6,14,385,665,jw,random_groups,12,3811214905,665,78408,0.35514086420871455,33,"[41,30,30,16,31,23,17,12,25,24,14,10,44,18,22,19,14,53,15,48,18,11,44,18,12,8,8,8,8,8,8,4,4]","[11,14,30,12,25,7,16,22,9,20,15,18,23,27,3,19,21,29,13,31,6,10,4,0,26,1,2,8,24,5,28,32,17]",58dfc07656d75931,9fd99d60da154daa,100,0.01,1.0,66500,0.3229261812454944,0.001614630906227472,0.8372022200331002,7.083999662427232e-06,0.0007312079997063847,1225,0.785513875000106,0.0025896659990394255,2.0884550000009767,0.9999988112342267,2.3775301333239796e-06,1.999882268909287,0.0015419246241392176,4.348199578174672e-11,4.3482217826351643e-11,0.8161069308680171,0.7893839545198691,1e-12
success,,Be-Be_2.04_hgbs-5_as-008-006,hamiltonian_generator/hgbs5_diatomic_basis_transfer/screen/Be-Be/2.04/hgbs-5/Be-Be_2.04_hgbs-5_as-008-006.tensors.npz,Be-Be,2.04,hgbs-5,8,6,14,385,665,fermionic,random_groups,12,2667736325,385,35164,0.4757034632034632,45,"[13,14,14,14,4,4,10,10,4,4,13,6,10,10,10,11,4,23,23,5,8,12,14,7,8,7,7,6,4,4,4,20,18,22,8,5,5,4,4,2,2,2,2,2,2]","[27,16,22,6,19,17,32,34,5,43,35,41,23,11,38,3,33,4,39,25,10,21,24,12,0,1,20,9,44,26,8,28,2,42,18,40,30,29,36,31,15,7,14,37,13]",39b10ec16ee8e791,dd849bde0b6ff12e,100,0.01,1.0,66500,0.11438462387408656,0.0005719231193704328,0.10504107420848839,9.749999662744813e-06,0.0009816250003495952,1225,0.785513875000106,0.0025896659990394255,2.084878250001566,0.9999999280477229,1.4390454905477412e-07,1.9998839508180584,0.00037934753758634354,0.0,0.0,0.0493964296060656,0.2925609142637816,1e-12
success,,Be-Be_2.04_hgbs-5_as-008-006,hamiltonian_generator/hgbs5_diatomic_basis_transfer/screen/Be-Be/2.04/hgbs-5/Be-Be_2.04_hgbs-5_as-008-006.tensors.npz,Be-Be,2.04,hgbs-5,8,6,14,385,665,jw,random_groups,13,444480095,665,78408,0.35514086420871455,33,"[41,30,30,16,31,23,17,12,25,24,14,10,44,18,22,19,14,53,15,48,18,11,44,18,12,8,8,8,8,8,8,4,4]","[13,5,9,22,16,0,28,31,10,25,6,12,24,20,2,7,18,1,4,14,11,21,26,15,29,32,30,27,23,3,19,8,17]",ec8ed61cfe6083ee,653a72a85ef4a6ef,100,0.01,1.0,66500,0.23453169926124162,0.0011726584963062082,0.44159785775053323,8.499999239575118e-06,0.0008685829998285044,1225,0.785513875000106,0.0025896659990394255,2.0888324169991392,0.9999994634903517,1.0730190086460922e-06,1.9998836651501823,0.0010358664472444904,3.7582159606586174e-12,3.7582159606586174e-12,0.36832267134503466,0.35626214635430664,1e-12
success,,Be-Be_2.04_hgbs-5_as-008-006,hamiltonian_generator/hgbs5_diatomic_basis_transfer/screen/Be-Be/2.04/hgbs-5/Be-Be_2.04_hgbs-5_as-008-006.tensors.npz,Be-Be,2.04,hgbs-5,8,6,14,385,665,fermionic,random_groups,13,2977871912,385,35164,0.4757034632034632,45,"[13,14,14,14,4,4,10,10,4,4,13,6,10,10,10,11,4,23,23,5,8,12,14,7,8,7,7,6,4,4,4,20,18,22,8,5,5,4,4,2,2,2,2,2,2]","[42,38,24,13,34,26,28,30,39,5,6,35,10,20,32,19,44,2,33,43,31,1,41,0,14,40,15,12,7,21,8,17,23,9,37,18,27,22,3,11,36,16,25,4,29]",bc973cf32b16899e,6732df79e07548f6,100,0.01,1.0,66500,0.19898133501410004,0.0009949066750705002,0.3178692653577807,9.541001418256201e-06,0.0009767080009623896,1225,0.785513875000106,0.0025896659990394255,2.109693041000355,0.9999995926271248,8.147455844431661e-07,1.9998831027878703,0.0009026326774616063,0.0,0.0,0.27966817708786296,1.656394566000441,1e-12
success,,Be-Be_2.04_hgbs-5_as-008-006,hamiltonian_generator/hgbs5_diatomic_basis_transfer/screen/Be-Be/2.04/hgbs-5/Be-Be_2.04_hgbs-5_as-008-006.tensors.npz,Be-Be,2.04,hgbs-5,8,6,14,385,665,jw,random_groups,14,873548678,665,78408,0.35514086420871455,33,"[41,30,30,16,31,23,17,12,25,24,14,10,44,18,22,19,14,53,15,48,18,11,44,18,12,8,8,8,8,8,8,4,4]","[14,0,15,29,9,2,23,10,20,24,5,19,11,18,1,17,16,27,26,3,31,28,8,21,6,30,32,22,12,4,7,25,13]",f1b21f7c7b10f231,35b6adb049c7d453,100,0.01,1.0,66500,0.2923968797104138,0.0014619843985520689,0.6863874355784241,8.457998774247244e-06,0.0008872920006979257,1225,0.785513875000106,0.0025896659990394255,2.094104249999873,0.9999990621301111,1.8757388980938927e-06,1.9998840381218694,0.001369576495754653,0.0,0.0,0.6438629289181609,0.6227799884723189,1e-12
success,,Be-Be_2.04_hgbs-5_as-008-006,hamiltonian_generator/hgbs5_diatomic_basis_transfer/screen/Be-Be/2.04/hgbs-5/Be-Be_2.04_hgbs-5_as-008-006.tensors.npz,Be-Be,2.04,hgbs-5,8,6,14,385,665,fermionic,random_groups,14,2531520041,385,35164,0.4757034632034632,45,"[13,14,14,14,4,4,10,10,4,4,13,6,10,10,10,11,4,23,23,5,8,12,14,7,8,7,7,6,4,4,4,20,18,22,8,5,5,4,4,2,2,2,2,2,2]","[15,32,0,12,39,40,8,6,42,41,26,14,10,29,22,28,33,2,31,19,16,7,36,34,35,24,13,37,4,23,21,3,25,27,30,17,43,9,5,20,11,38,1,18,44]",2a00705f0a35ca22,06be391d824c4de1,100,0.01,1.0,66500,0.13895300437966498,0.0006947650218983249,0.15501000854895744,7.99999907030724e-06,0.0008401249997405102,1225,0.785513875000106,0.0025896659990394255,2.086003291000452,0.9999998406460219,3.1870793082422466e-07,1.9998834347070225,0.0005645422537315803,0.0,0.0,0.10939913973019294,0.6479397922963707,1e-12
success,,Be-Be_2.04_hgbs-5_as-008-006,hamiltonian_generator/hgbs5_diatomic_basis_transfer/screen/Be-Be/2.04/hgbs-5/Be-Be_2.04_hgbs-5_as-008-006.tensors.npz,Be-Be,2.04,hgbs-5,8,6,14,385,665,jw,random_groups,15,3277257612,665,78408,0.35514086420871455,33,"[41,30,30,16,31,23,17,12,25,24,14,10,44,18,22,19,14,53,15,48,18,11,44,18,12,8,8,8,8,8,8,4,4]","[23,30,11,20,5,19,16,12,25,7,31,28,8,26,17,4,3,18,32,15,21,29,27,6,13,2,10,1,14,9,22,0,24]",5fc16bcd306ea967,26fa28c1af977a79,100,0.01,1.0,66500,0.2758918961457208,0.001379459480728604,0.611085171829627,9.291999958804809e-06,0.0008040840002649929,1225,0.785513875000106,0.0025896659990394255,2.091559042000881,0.9999991504902265,1.6990188254073502e-06,1.9998826234139442,0.001303464440271508,2.990163672222934e-12,2.9900526499204716e-12,0.5832022987450525,0.5641056575500397,1e-12
success,,Be-Be_2.04_hgbs-5_as-008-006,hamiltonian_generator/hgbs5_diatomic_basis_transfer/screen/Be-Be/2.04/hgbs-5/Be-Be_2.04_hgbs-5_as-008-006.tensors.npz,Be-Be,2.04,hgbs-5,8,6,14,385,665,fermionic,random_groups,15,69401380,385,35164,0.4757034632034632,45,"[13,14,14,14,4,4,10,10,4,4,13,6,10,10,10,11,4,23,23,5,8,12,14,7,8,7,7,6,4,4,4,20,18,22,8,5,5,4,4,2,2,2,2,2,2]","[0,28,10,44,33,38,29,30,41,13,24,3,12,43,25,40,27,20,15,1,22,4,17,16,35,26,6,19,37,42,7,9,5,32,14,11,21,18,39,31,8,34,2,23,36]",5d4ace719570be48,44ad2a70ce574691,100,0.01,1.0,66500,0.17623556287050135,0.0008811778143525068,0.24935090994675535,8.082999556791037e-06,0.0010255830002279254,1225,0.785513875000106,0.0025896659990394255,2.0945420829993964,0.9999997393957866,5.212083589167804e-07,1.9998840383355547,0.0007219476621351644,0.0,0.0,0.1789090906467879,1.059627336371266,1e-12
success,,Be-Be_2.04_hgbs-5_as-008-006,hamiltonian_generator/hgbs5_diatomic_basis_transfer/screen/Be-Be/2.04/hgbs-5/Be-Be_2.04_hgbs-5_as-008-006.tensors.npz,Be-Be,2.04,hgbs-5,8,6,14,385,665,jw,random_groups,16,1595215645,665,78408,0.35514086420871455,33,"[41,30,30,16,31,23,17,12,25,24,14,10,44,18,22,19,14,53,15,48,18,11,44,18,12,8,8,8,8,8,8,4,4]","[0,3,17,21,4,10,23,32,27,20,31,2,29,1,16,12,28,11,5,7,22,8,14,15,24,18,25,6,13,26,9,19,30]",079f65e1e197ddb7,663780d40a225b24,100,0.01,1.0,66500,0.3723631391362937,0.0018618156956814685,1.1131590546996188,8.66699883772526e-06,0.0009241669995390112,1225,0.785513875000106,0.0025896659990394255,2.0919001670008583,0.999998408830792,3.1823358840332716e-06,1.9998841013087882,0.0017839109887819178,2.2249768694138083e-10,2.2249768694138083e-10,1.0923631776134666,1.0565943411352559,1e-12
success,,Be-Be_2.04_hgbs-5_as-008-006,hamiltonian_generator/hgbs5_diatomic_basis_transfer/screen/Be-Be/2.04/hgbs-5/Be-Be_2.04_hgbs-5_as-008-006.tensors.npz,Be-Be,2.04,hgbs-5,8,6,14,385,665,fermionic,random_groups,16,3387435856,385,35164,0.4757034632034632,45,"[13,14,14,14,4,4,10,10,4,4,13,6,10,10,10,11,4,23,23,5,8,12,14,7,8,7,7,6,4,4,4,20,18,22,8,5,5,4,4,2,2,2,2,2,2]","[18,39,23,37,16,33,1,43,40,12,20,0,10,21,27,22,4,44,30,15,2,3,8,31,29,35,41,36,14,32,28,19,25,17,5,26,24,11,38,9,42,34,7,13,6]",1955a1c08bf85e95,1a7414bb8ca80e2a,100,0.01,1.0,66500,0.12143125721784898,0.0006071562860892449,0.11838177308577211,8.125000022118911e-06,0.0009503330002189614,1225,0.785513875000106,0.0025896659990394255,2.094760583999232,0.9999998953544361,2.0929111677059353e-07,1.9998839766146517,0.0004574834726651898,1.2878587085651816e-14,1.2989609388114332e-14,0.0718409111083657,0.4254931541211161,1e-12
success,,Be-Be_2.04_hgbs-5_as-008-006,hamiltonian_generator/hgbs5_diatomic_basis_transfer/screen/Be-Be/2.04/hgbs-5/Be-Be_2.04_hgbs-5_as-008-006.tensors.npz,Be-Be,2.04,hgbs-5,8,6,14,385,665,jw,random_groups,17,2850592883,665,78408,0.35514086420871455,33,"[41,30,30,16,31,23,17,12,25,24,14,10,44,18,22,19,14,53,15,48,18,11,44,18,12,8,8,8,8,8,8,4,4]","[15,4,19,17,2,22,29,25,20,7,30,12,0,28,31,9,14,10,26,16,18,27,24,13,23,1,32,11,8,3,5,6,21]",b915a5fc9a0c0a2d,e15d954ad5785cc8,100,0.01,1.0,66500,0.3091176257031803,0.0015455881285159016,0.767134289784788,7.791999451001175e-06,0.000840458000311628,1225,0.785513875000106,0.0025896659990394255,2.086074374999953,0.9999989619804552,2.07603801205547e-06,1.9998838423175826,0.0014408466571869873,2.0053003702003025e-10,2.0053003702003025e-10,0.712617260507737,0.6892829969724724,1e-12
success,,Be-Be_2.04_hgbs-5_as-008-006,hamiltonian_generator/hgbs5_diatomic_basis_transfer/screen/Be-Be/2.04/hgbs-5/Be-Be_2.04_hgbs-5_as-008-006.tensors.npz,Be-Be,2.04,hgbs-5,8,6,14,385,665,fermionic,random_groups,17,28125266,385,35164,0.4757034632034632,45,"[13,14,14,14,4,4,10,10,4,4,13,6,10,10,10,11,4,23,23,5,8,12,14,7,8,7,7,6,4,4,4,20,18,22,8,5,5,4,4,2,2,2,2,2,2]","[1,31,15,17,41,16,3,38,35,11,34,23,10,5,2,37,6,20,22,42,32,39,14,19,24,8,9,18,28,25,21,13,40,12,36,0,27,26,44,30,7,29,43,33,4]",4eae7113fce46d0c,384dfe1ad11ee6bc,100,0.01,1.0,66500,0.12875545146698375,0.0006437772573349188,0.1330929678532673,7.374999768217094e-06,0.0007832499995856779,1225,0.785513875000106,0.0025896659990394255,2.087409290999858,0.9999998498872232,3.002255309914048e-07,1.9998839732169047,0.00054792842007778,0.0,0.0,0.10305490274609631,0.6103646924930949,1e-12
success,,Be-Be_2.04_hgbs-5_as-008-006,hamiltonian_generator/hgbs5_diatomic_basis_transfer/screen/Be-Be/2.04/hgbs-5/Be-Be_2.04_hgbs-5_as-008-006.tensors.npz,Be-Be,2.04,hgbs-5,8,6,14,385,665,jw,random_groups,18,2996227442,665,78408,0.35514086420871455,33,"[41,30,30,16,31,23,17,12,25,24,14,10,44,18,22,19,14,53,15,48,18,11,44,18,12,8,8,8,8,8,8,4,4]","[19,4,5,28,17,2,8,21,27,10,22,30,24,9,23,6,15,16,14,32,0,25,1,12,31,3,7,20,18,29,26,13,11]",81e48fc0b05f7704,9149cd0080ee9c31,100,0.01,1.0,66500,0.1702454438896099,0.0008512272194480495,0.23268846455916603,6.625001333304681e-06,0.0008266250006272458,1225,0.785513875000106,0.0025896659990394255,2.107850292000876,0.9999997700061984,4.599875502719897e-07,1.9998843373920605,0.0006782238591487369,3.326983133433714e-11,3.326972031203468e-11,0.1578945404848068,0.1527243698720056,1e-12
success,,Be-Be_2.04_hgbs-5_as-008-006,hamiltonian_generator/hgbs5_diatomic_basis_transfer/screen/Be-Be/2.04/hgbs-5/Be-Be_2.04_hgbs-5_as-008-006.tensors.npz,Be-Be,2.04,hgbs-5,8,6,14,385,665,fermionic,random_groups,18,1028932881,385,35164,0.4757034632034632,45,"[13,14,14,14,4,4,10,10,4,4,13,6,10,10,10,11,4,23,23,5,8,12,14,7,8,7,7,6,4,4,4,20,18,22,8,5,5,4,4,2,2,2,2,2,2]","[18,4,27,37,42,30,29,13,35,38,14,33,11,0,12,3,25,24,1,17,7,34,36,31,39,44,16,43,19,9,23,10,41,28,26,8,5,6,21,2,40,32,20,15,22]",0e53178d816dccde,588c506fd5cae532,100,0.01,1.0,66500,0.1141724702652885,0.0005708623513264424,0.10465178802772411,8.249999154941179e-06,0.0008438749991910299,1225,0.785513875000106,0.0025896659990394255,2.090981125000326,0.9999999221612192,1.5567755540235595e-07,1.9998839134884672,0.0003945599593326502,0.0,0.0,0.0534376116473556,0.31649567882338453,1e-12
success,,Be-Be_2.04_hgbs-5_as-008-006,hamiltonian_generator/hgbs5_diatomic_basis_transfer/screen/Be-Be/2.04/hgbs-5/Be-Be_2.04_hgbs-5_as-008-006.tensors.npz,Be-Be,2.04,hgbs-5,8,6,14,385,665,jw,random_groups,19,2970425820,665,78408,0.35514086420871455,33,"[41,30,30,16,31,23,17,12,25,24,14,10,44,18,22,19,14,53,15,48,18,11,44,18,12,8,8,8,8,8,8,4,4]","[29,2,24,13,12,32,9,28,0,27,20,3,16,5,26,25,10,19,18,11,21,4,23,7,14,15,22,6,30,8,1,17,31]",a7fe60a0c97162f3,2e4e76929acc4f96,100,0.01,1.0,66500,0.22118614305910195,0.0011059307152955096,0.3927712481959875,6.4160012698266655e-06,0.0008245410008385079,1225,0.785513875000106,0.0025896659990394255,2.0923343329995987,0.9999995255596055,9.488805640112119e-07,1.99988421639776,0.0009741051221780014,2.5137669723562794e-12,2.5137669723562794e-12,0.3257111209660447,0.31504588795222044,1e-12
success,,Be-Be_2.04_hgbs-5_as-008-006,hamiltonian_generator/hgbs5_diatomic_basis_transfer/screen/Be-Be/2.04/hgbs-5/Be-Be_2.04_hgbs-5_as-008-006.tensors.npz,Be-Be,2.04,hgbs-5,8,6,14,385,665,fermionic,random_groups,19,4002495408,385,35164,0.4757034632034632,45,"[13,14,14,14,4,4,10,10,4,4,13,6,10,10,10,11,4,23,23,5,8,12,14,7,8,7,7,6,4,4,4,20,18,22,8,5,5,4,4,2,2,2,2,2,2]","[17,33,7,36,2,11,38,13,37,0,42,24,26,21,29,8,32,12,23,39,34,4,5,9,15,40,41,16,28,30,27,43,22,14,3,25,18,20,44,31,1,6,35,19,10]",018c84d7ca993240,36333dca99ec4aee,100,0.01,1.0,66500,0.14399121515716223,0.0007199560757858111,0.16645461903026798,6.91700006427709e-06,0.0008285000003525056,1225,0.785513875000106,0.0025896659990394255,2.0853676249989803,0.9999999101143029,1.797713861106942e-07,1.9998837359906456,0.00042399456861535653,0.0,0.0,0.061708018805032655,0.36547893325452274,1e-12
