status,error_message,case_id,tensor_path,molecule,bond_length,basis,active_occupied,active_vacant,n_qubits,number_of_fermionic_terms,number_of_pauli_terms,graph_level,schedule,ordering_definition,graph_vertices,graph_edges,graph_density,number_of_colors,group_sizes,group_order,original_within_group_order_hash,sorted_within_group_order_hash,pauli_order_hash,trotter_steps,trotter_dt,evolution_time,nominal_exponential_count,bch2_hf_state_norm,leading_state_error_norm_estimate,exact_sector_dimension,exact_build_time_seconds,exact_evolution_time_seconds,schedule_build_time_seconds,bch_evaluation_time_seconds,trotter_runtime_seconds,state_overlap_abs,one_minus_overlap,state_infidelity,state_vector_2norm_error,phase_aligned_state_2norm_error,particle_number_leakage,spin_sector_leakage,coefficient_tolerance
success,,B-B_1.70_hgbs-5_as-002-002,hamiltonian_generator/hgbs5_diatomic_basis_transfer/lower/B-B/1.70/hgbs-5/B-B_1.70_hgbs-5_as-002-002.tensors.npz,B-B,1.70,hgbs-5,2,2,4,12,14,jw,magnitude_within_groups,"fixed deterministic JW color groups and group order; final JW Pauli terms sorted inside each group by decreasing absolute coefficient magnitude, with dense Pauli lexicographic tie-breaking",14,16,0.17582417582417584,2,"[10,4]","[0,1]",7a41a379ee2bbe80,4799611b7fe4e086,86e5a41e1dbcd324,100,0.01,1.0,1400,8.790025635489166e-05,4.395012817744583e-07,4,0.0010132500028703362,0.0003100000030826777,5.00003807246685e-07,1.970799348782748e-05,0.0003672500024549663,0.9999999999999262,7.382983113757291e-14,1.4765966227514582e-13,0.7978187192287265,3.8426509375058493e-07,0.0,0.0,1e-12
success,,B-B_1.70_hgbs-5_as-002-002,hamiltonian_generator/hgbs5_diatomic_basis_transfer/lower/B-B/1.70/hgbs-5/B-B_1.70_hgbs-5_as-002-002.tensors.npz,B-B,1.70,hgbs-5,2,2,4,12,14,fermionic,magnitude_within_groups,"fixed deterministic fermionic color groups and group order; complete Hermitian fermionic terms sorted inside each group by decreasing coefficient magnitude, with component-key lexicographic tie-breaking; final JW Pauli order induced by first occurrence",12,12,0.18181818181818182,2,"[4,8]","[0,1]",7167351881444ba2,e1b08eb90b67ba45,1b8c69e853398132,100,0.01,1.0,1400,8.790025635489166e-05,4.395012817744583e-07,4,0.0010132500028703362,0.0003100000030826777,4.159956006333232e-07,1.1083000572398305e-05,0.00035870900319423527,0.9999999999999267,7.327471962526033e-14,1.4654943925052066e-13,0.7978187192287259,3.82817762454305e-07,0.0,0.0,1e-12
success,,Li-Li_2.66_hgbs-5_as-006-002,hamiltonian_generator/hgbs5_diatomic_basis_transfer/lower/Li-Li/2.66/hgbs-5/Li-Li_2.66_hgbs-5_as-006-002.tensors.npz,Li-Li,2.66,hgbs-5,6,2,8,110,184,jw,magnitude_within_groups,"fixed deterministic JW color groups and group order; final JW Pauli terms sorted inside each group by decreasing absolute coefficient magnitude, with dense Pauli lexicographic tie-breaking",184,7216,0.42860536944642436,11,"[28,20,20,16,20,16,16,16,16,8,8]","[0,1,2,3,4,5,6,7,8,9,10]",2345a4dd3de23274,711aca43496bd9af,76d7f09e62bad467,100,0.01,1.0,18400,0.2552900298331343,0.0012764501491656715,16,0.01330999999481719,0.00040204200195148587,1.8749997252598405e-06,8.537499525118619e-05,0.012501125005655922,0.9999994908611921,5.09138807891496e-07,1.0182773565459158e-06,1.8042867294747031,0.0010090974263087741,6.816769371198461e-14,6.816769371198461e-14,1e-12
success,,Li-Li_2.66_hgbs-5_as-006-002,hamiltonian_generator/hgbs5_diatomic_basis_transfer/lower/Li-Li/2.66/hgbs-5/Li-Li_2.66_hgbs-5_as-006-002.tensors.npz,Li-Li,2.66,hgbs-5,6,2,8,110,184,fermionic,magnitude_within_groups,"fixed deterministic fermionic color groups and group order; complete Hermitian fermionic terms sorted inside each group by decreasing coefficient magnitude, with component-key lexicographic tie-breaking; final JW Pauli order induced by first occurrence",110,3317,0.5532944120100083,15,"[6,7,7,8,4,4,4,4,17,17,4,4,8,8,8]","[0,1,2,3,4,5,6,7,8,9,10,11,12,13,14]",b529371bc05f13c7,f396d8ef844a7216,91272de5cd069360,100,0.01,1.0,18400,0.017198826830768208,8.599413415384103e-05,16,0.01330999999481719,0.00040204200195148587,2.4999899324029684e-06,8.474999049212784e-05,0.012324750001425855,0.9999999998583127,1.4168732853647725e-10,2.833746570729545e-10,1.8042869510732824,1.683373568382712e-05,5.972999872483342e-14,5.972999872483342e-14,1e-12
success,,Li-Li_2.66_hgbs-5_as-006-004,hamiltonian_generator/hgbs5_diatomic_basis_transfer/lower/Li-Li/2.66/hgbs-5/Li-Li_2.66_hgbs-5_as-006-004.tensors.npz,Li-Li,2.66,hgbs-5,6,4,10,153,251,jw,magnitude_within_groups,"fixed deterministic JW color groups and group order; final JW Pauli terms sorted inside each group by decreasing absolute coefficient magnitude, with dense Pauli lexicographic tie-breaking",251,12560,0.4003187250996016,14,"[31,20,20,16,26,21,19,26,10,10,12,12,24,4]","[0,1,2,3,4,5,6,7,8,9,10,11,12,13]",716d31f899e02d86,b8580f0ef444ad30,18c8cb480148b782,100,0.01,1.0,25100,0.01581454421975577,7.907272109877885e-05,100,0.04189320799196139,0.0004293329984648153,2.415996277704835e-06,0.00016395900456700474,0.05026695800188463,0.9999999987911055,1.2088945400279272e-09,2.4177890800558544e-09,1.7120423593816727,4.917101870061118e-05,2.0095036745715333e-14,1.9984014443252818e-14,1e-12
success,,Li-Li_2.66_hgbs-5_as-006-004,hamiltonian_generator/hgbs5_diatomic_basis_transfer/lower/Li-Li/2.66/hgbs-5/Li-Li_2.66_hgbs-5_as-006-004.tensors.npz,Li-Li,2.66,hgbs-5,6,4,10,153,251,fermionic,magnitude_within_groups,"fixed deterministic fermionic color groups and group order; complete Hermitian fermionic terms sorted inside each group by decreasing coefficient magnitude, with component-key lexicographic tie-breaking; final JW Pauli order induced by first occurrence",153,5647,0.48563811489508085,19,"[9,7,7,8,9,4,4,6,6,13,15,10,9,15,4,5,6,11,5]","[0,1,2,3,4,5,6,7,8,9,10,11,12,13,14,15,16,17,18]",91590c7d69fa2a9b,5adaedee20da4db8,c0940b6893fa3691,100,0.01,1.0,25100,0.03901797516295836,0.0001950898758147918,100,0.04189320799196139,0.0004293329984648153,2.6659981813281775e-06,0.00018645799718797207,0.05212687500170432,0.9999999894034226,1.0596577393329198e-08,2.1193154675636094e-08,1.7120425425032877,0.00014557868932868712,4.241051954068098e-14,4.2521541843143495e-14,1e-12
success,,Li-Li_2.66_hgbs-5_as-006-006,hamiltonian_generator/hgbs5_diatomic_basis_transfer/lower/Li-Li/2.66/hgbs-5/Li-Li_2.66_hgbs-5_as-006-006.tensors.npz,Li-Li,2.66,hgbs-5,6,6,12,202,326,jw,magnitude_within_groups,"fixed deterministic JW color groups and group order; final JW Pauli terms sorted inside each group by decreasing absolute coefficient magnitude, with dense Pauli lexicographic tie-breaking",326,19392,0.36605946201038225,16,"[38,24,20,16,26,16,24,18,22,20,14,8,16,12,16,36]","[0,1,2,3,4,5,6,7,8,9,10,11,12,13,14,15]",30a425675a6015a3,9b769beefefc42de,92a558dc4ba29d67,100,0.01,1.0,32600,0.10968108275844782,0.000548405413792239,400,0.13672570799826644,0.0006272919999901205,3.2910029403865337e-06,0.00018200000340584666,0.2376820830104407,0.9999999061032206,9.389677935178753e-08,1.8779354993281316e-07,1.6475695254336156,0.0004333515417113167,1.0735856648125264e-13,1.0735856648125264e-13,1e-12
success,,Li-Li_2.66_hgbs-5_as-006-006,hamiltonian_generator/hgbs5_diatomic_basis_transfer/lower/Li-Li/2.66/hgbs-5/Li-Li_2.66_hgbs-5_as-006-006.tensors.npz,Li-Li,2.66,hgbs-5,6,6,12,202,326,fermionic,magnitude_within_groups,"fixed deterministic fermionic color groups and group order; complete Hermitian fermionic terms sorted inside each group by decreasing coefficient magnitude, with component-key lexicographic tie-breaking; final JW Pauli order induced by first occurrence",202,8637,0.4254470223141717,21,"[10,15,7,8,10,4,4,11,6,16,10,10,16,30,14,6,7,6,3,4,5]","[0,1,2,3,4,5,6,7,8,9,10,11,12,13,14,15,16,17,18,19,20]",8ac3f9018556fb27,31572e7a0d4d19aa,bf86762e5ac4fb4d,100,0.01,1.0,32600,0.026949207659626186,0.00013474603829813093,400,0.13672570799826644,0.0006272919999901205,4.125002305954695e-06,0.0001871249987743795,0.2377759579976555,0.9999999959468184,4.0531815681532635e-09,8.106363136306527e-09,1.647569424937317,9.003534381733945e-05,1.361133428190442e-13,1.361133428190442e-13,1e-12
success,,Li-Li_2.66_hgbs-5_as-006-008,hamiltonian_generator/hgbs5_diatomic_basis_transfer/screen/Li-Li/2.66/hgbs-5/Li-Li_2.66_hgbs-5_as-006-008.tensors.npz,Li-Li,2.66,hgbs-5,6,8,14,409,717,jw,magnitude_within_groups,"fixed deterministic JW color groups and group order; final JW Pauli terms sorted inside each group by decreasing absolute coefficient magnitude, with dense Pauli lexicographic tie-breaking",717,92552,0.36056504834700764,28,"[33,26,22,28,44,19,43,44,50,32,33,29,30,28,24,45,34,22,16,22,18,12,13,9,17,4,8,12]","[0,1,2,3,4,5,6,7,8,9,10,11,12,13,14,15,16,17,18,19,20,21,22,23,24,25,26,27]",6035f43adc363d4a,a077ad8f610e45d3,2981ad7ed14c5172,100,0.01,1.0,71700,0.10807658645312218,0.0005403829322656109,1225,0.6291580420074752,0.002157875002012588,6.999995093792677e-06,0.0008327079995069653,2.112658541998826,0.9999999091624362,9.08375638042358e-08,1.8167511939282122e-07,1.6586108729076967,0.00042623365377275364,5.239142453206114e-13,5.240252676230739e-13,1e-12
success,,Li-Li_2.66_hgbs-5_as-006-008,hamiltonian_generator/hgbs5_diatomic_basis_transfer/screen/Li-Li/2.66/hgbs-5/Li-Li_2.66_hgbs-5_as-006-008.tensors.npz,Li-Li,2.66,hgbs-5,6,8,14,409,717,fermionic,magnitude_within_groups,"fixed deterministic fermionic color groups and group order; complete Hermitian fermionic terms sorted inside each group by decreasing coefficient magnitude, with component-key lexicographic tie-breaking; final JW Pauli order induced by first occurrence",409,35503,0.42551176949997604,33,"[13,12,10,11,11,9,11,8,11,11,11,12,8,10,12,11,12,13,12,25,20,19,12,11,32,7,10,6,26,11,10,8,4]","[0,1,2,3,4,5,6,7,8,9,10,11,12,13,14,15,16,17,18,19,20,21,22,23,24,25,26,27,28,29,30,31,32]",2320c7719c673c2e,9aef0422dfec4e30,b2af4431f232ccb0,100,0.01,1.0,71700,0.020923918298585333,0.00010461959149292667,1225,0.6291580420074752,0.002157875002012588,1.0249990737065673e-05,0.0010126659908564761,2.104596583987586,0.999999996302775,3.6972249706224147e-09,7.3944499412448295e-09,1.6586113726175706,8.599098755826002e-05,4.862776847858186e-13,4.862776847858186e-13,1e-12
success,,Li-Li_2.66_hgbs-5_as-006-010,hamiltonian_generator/hgbs5_diatomic_basis_transfer/night/Li-Li/2.66/hgbs-5/Li-Li_2.66_hgbs-5_as-006-010.tensors.npz,Li-Li,2.66,hgbs-5,6,10,16,656,1176,jw,magnitude_within_groups,"fixed deterministic JW color groups and group order; final JW Pauli terms sorted inside each group by decreasing absolute coefficient magnitude, with dense Pauli lexicographic tie-breaking",1176,230944,0.3342654508611955,26,"[48,36,56,56,48,48,64,64,56,56,28,24,24,24,108,36,32,32,56,72,72,32,32,32,32,8]","[0,1,2,3,4,5,6,7,8,9,10,11,12,13,14,15,16,17,18,19,20,21,22,23,24,25]",75a3815591a51156,6741f66e470f0aec,bc8187b2cba25e5e,100,0.01,1.0,117600,0.028166869767875153,0.00014083434883937576,3136,2.1215921660041204,0.007294458002434112,1.0916002793237567e-05,0.002305457994225435,14.203382833002252,0.9999999935917331,6.408266917112826e-09,1.2816533834225652e-08,1.701985242962595,0.00011321013132324179,4.765965400110872e-10,4.765968730779946e-10,1e-12
success,,Li-Li_2.66_hgbs-5_as-006-010,hamiltonian_generator/hgbs5_diatomic_basis_transfer/night/Li-Li/2.66/hgbs-5/Li-Li_2.66_hgbs-5_as-006-010.tensors.npz,Li-Li,2.66,hgbs-5,6,10,16,656,1176,fermionic,magnitude_within_groups,"fixed deterministic fermionic color groups and group order; complete Hermitian fermionic terms sorted inside each group by decreasing coefficient magnitude, with component-key lexicographic tie-breaking; final JW Pauli order induced by first occurrence",656,86311,0.40174548501210205,41,"[16,14,12,11,11,13,12,11,12,10,12,8,10,14,16,10,10,14,18,8,24,19,14,12,17,16,35,45,23,37,15,29,12,13,47,6,9,10,16,6,9]","[0,1,2,3,4,5,6,7,8,9,10,11,12,13,14,15,16,17,18,19,20,21,22,23,24,25,26,27,28,29,30,31,32,33,34,35,36,37,38,39,40]",f9da11ac053e7ff9,35423e4910a47bec,b76af886db5012bb,100,0.01,1.0,117600,0.016697592565569096,8.348796282784548e-05,3136,2.1215921660041204,0.007294458002434112,1.3583005056716502e-05,0.002330041999812238,14.026581707992591,0.9999999986709579,1.3290420985967444e-09,2.6580841971934888e-09,1.701986297464675,5.155661157595104e-05,5.697664562376303e-13,5.697664562376303e-13,1e-12
success,,Li-Li_2.66_hgbs-5_as-006-012,hamiltonian_generator/hgbs5_diatomic_basis_transfer/night/Li-Li/2.66/hgbs-5/Li-Li_2.66_hgbs-5_as-006-012.tensors.npz,Li-Li,2.66,hgbs-5,6,12,18,1027,1883,jw,magnitude_within_groups,"fixed deterministic JW color groups and group order; final JW Pauli terms sorted inside each group by decreasing absolute coefficient magnitude, with dense Pauli lexicographic tie-breaking",1883,554688,0.313046481664064,48,"[51,38,34,36,31,27,132,48,54,50,48,42,80,72,60,62,62,62,58,48,30,32,50,22,32,32,32,32,28,38,24,16,25,16,16,16,42,37,52,36,24,34,26,26,18,16,20,16]","[0,1,2,3,4,5,6,7,8,9,10,11,12,13,14,15,16,17,18,19,20,21,22,23,24,25,26,27,28,29,30,31,32,33,34,35,36,37,38,39,40,41,42,43,44,45,46,47]",54f4b625e44e4f3e,455e84880a350a33,01214637dca0a0a8,100,0.01,1.0,188300,0.24566544804444637,0.0012283272402222318,7056,6.7194246250001015,0.022140166998724453,1.925000105984509e-05,0.005266459003905766,33.70243295800174,0.9999995260335527,4.7396644731190207e-07,9.479326700256863e-07,1.768123262739329,0.0009736184543360937,5.101433719900683e-10,5.101434830123708e-10,1e-12
success,,Li-Li_2.66_hgbs-5_as-006-012,hamiltonian_generator/hgbs5_diatomic_basis_transfer/night/Li-Li/2.66/hgbs-5/Li-Li_2.66_hgbs-5_as-006-012.tensors.npz,Li-Li,2.66,hgbs-5,6,12,18,1027,1883,fermionic,magnitude_within_groups,"fixed deterministic fermionic color groups and group order; complete Hermitian fermionic terms sorted inside each group by decreasing coefficient magnitude, with component-key lexicographic tie-breaking; final JW Pauli order induced by first occurrence",1027,198648,0.3770477801124037,68,"[19,17,18,14,13,14,14,15,13,13,14,15,17,11,10,13,12,12,13,12,11,18,11,17,15,18,27,14,26,15,23,18,16,12,22,16,10,21,12,34,16,13,26,9,32,16,10,21,10,50,20,20,10,8,13,10,13,11,16,19,4,6,13,11,9,3,2,1]","[0,1,2,3,4,5,6,7,8,9,10,11,12,13,14,15,16,17,18,19,20,21,22,23,24,25,26,27,28,29,30,31,32,33,34,35,36,37,38,39,40,41,42,43,44,45,46,47,48,49,50,51,52,53,54,55,56,57,58,59,60,61,62,63,64,65,66,67]",1dad776022f3d30d,892de3ce6250f0a1,2c326240595aace2,100,0.01,1.0,188300,0.030612139123833808,0.00015306069561916904,7056,6.7194246250001015,0.022140166998724453,2.3957996745593846e-05,0.005957041008514352,33.63044033400365,0.9999999929722596,7.027740389631276e-09,1.4055480779262552e-08,1.7681241402349386,0.00011855581292902744,8.72635297355373e-13,8.725242750529105e-13,1e-12
success,,Li-Li_2.66_hgbs-5_as-006-014,hamiltonian_generator/hgbs5_diatomic_basis_transfer/night/Li-Li/2.66/hgbs-5/Li-Li_2.66_hgbs-5_as-006-014.tensors.npz,Li-Li,2.66,hgbs-5,6,14,20,1580,2950,jw,magnitude_within_groups,"fixed deterministic JW color groups and group order; final JW Pauli terms sorted inside each group by decreasing absolute coefficient magnitude, with dense Pauli lexicographic tie-breaking",2950,1272112,0.2924546671954297,67,"[58,42,46,44,32,172,37,156,42,37,156,34,26,16,34,34,48,48,40,40,64,64,56,56,64,64,52,52,52,48,40,40,30,26,24,108,24,88,24,24,104,68,56,62,36,30,20,32,28,28,32,20,20,24,16,20,20,20,24,28,28,20,8,16,16,16,16]","[0,1,2,3,4,5,6,7,8,9,10,11,12,13,14,15,16,17,18,19,20,21,22,23,24,25,26,27,28,29,30,31,32,33,34,35,36,37,38,39,40,41,42,43,44,45,46,47,48,49,50,51,52,53,54,55,56,57,58,59,60,61,62,63,64,65,66]",aade07fe7a8e060e,059dd12302771ab4,c688f82e604bf950,100,0.01,1.0,295000,0.14734388579048796,0.0007367194289524398,14400,19.404833082997357,0.06178995899972506,2.920899714808911e-05,0.014704290995723568,106.52020195800287,0.9999998606210893,1.39378910746224e-07,2.7875780206354506e-07,1.8338901989206906,0.0005279752091646425,3.233380230227567e-11,3.2334024346880597e-11,1e-12
success,,Li-Li_2.66_hgbs-5_as-006-014,hamiltonian_generator/hgbs5_diatomic_basis_transfer/night/Li-Li/2.66/hgbs-5/Li-Li_2.66_hgbs-5_as-006-014.tensors.npz,Li-Li,2.66,hgbs-5,6,14,20,1580,2950,fermionic,magnitude_within_groups,"fixed deterministic fermionic color groups and group order; complete Hermitian fermionic terms sorted inside each group by decreasing coefficient magnitude, with component-key lexicographic tie-breaking; final JW Pauli order induced by first occurrence",1580,457707,0.366925870403476,98,"[18,16,18,22,22,17,18,15,15,16,14,18,17,12,13,22,19,12,18,12,10,15,12,17,19,11,15,15,16,17,16,16,15,10,13,15,10,20,12,13,10,10,14,10,23,22,14,11,14,20,63,22,16,27,16,24,14,14,15,50,22,39,50,10,8,10,16,12,12,33,10,10,11,12,12,16,15,52,12,8,8,25,13,7,21,9,6,6,14,11,12,6,9,11,7,7,6,2]","[0,1,2,3,4,5,6,7,8,9,10,11,12,13,14,15,16,17,18,19,20,21,22,23,24,25,26,27,28,29,30,31,32,33,34,35,36,37,38,39,40,41,42,43,44,45,46,47,48,49,50,51,52,53,54,55,56,57,58,59,60,61,62,63,64,65,66,67,68,69,70,71,72,73,74,75,76,77,78,79,80,81,82,83,84,85,86,87,88,89,90,91,92,93,94,95,96,97]",024494a373a208c8,dab2a37fca391eba,9711d55061db572c,100,0.01,1.0,295000,0.10478461640437903,0.0005239230820218952,14400,19.404833082997357,0.06178995899972506,5.7541998103260994e-05,0.015327250002883375,107.2442189160065,0.9999999180980764,8.19019235764884e-08,1.6380384049163865e-07,1.8338907625476133,0.0004047268797015795,1.9395596240201485e-13,1.9417800700693988e-13,1e-12
success,,Be-Be_2.04_hgbs-5_as-008-002,hamiltonian_generator/hgbs5_diatomic_basis_transfer/lower/Be-Be/2.04/hgbs-5/Be-Be_2.04_hgbs-5_as-008-002.tensors.npz,Be-Be,2.04,hgbs-5,8,2,10,153,251,jw,magnitude_within_groups,"fixed deterministic JW color groups and group order; final JW Pauli terms sorted inside each group by decreasing absolute coefficient magnitude, with dense Pauli lexicographic tie-breaking",251,12560,0.4003187250996016,14,"[31,20,20,16,26,21,19,26,10,10,12,12,24,4]","[0,1,2,3,4,5,6,7,8,9,10,11,12,13]",716d31f899e02d86,68bb0a9a1c34c1cd,74df9317e902833c,100,0.01,1.0,25100,0.0419330835156984,0.000209665417578492,25,0.022984583003562875,0.0005010000022593886,2.707995008677244e-06,0.00012954199337400496,0.053696124989073724,0.9999999947797626,5.220237353498192e-09,1.0440474706996383e-08,1.5996821770173464,0.0001021786411487077,1.8818280267396403e-13,1.8807178037150152e-13,1e-12
success,,Be-Be_2.04_hgbs-5_as-008-002,hamiltonian_generator/hgbs5_diatomic_basis_transfer/lower/Be-Be/2.04/hgbs-5/Be-Be_2.04_hgbs-5_as-008-002.tensors.npz,Be-Be,2.04,hgbs-5,8,2,10,153,251,fermionic,magnitude_within_groups,"fixed deterministic fermionic color groups and group order; complete Hermitian fermionic terms sorted inside each group by decreasing coefficient magnitude, with component-key lexicographic tie-breaking; final JW Pauli order induced by first occurrence",153,5770,0.4962160302717578,20,"[9,7,7,8,4,4,4,4,6,15,7,7,15,7,7,5,5,12,12,8]","[0,1,2,3,4,5,6,7,8,9,10,11,12,13,14,15,16,17,18,19]",03178c9f65efa351,68d70e9bbba64fa4,3ca654fd2d7dce6a,100,0.01,1.0,25100,0.04401096531665317,0.00022005482658326583,25,0.022984583003562875,0.0005010000022593886,3.2090028980746865e-06,0.00021933400421403348,0.05333541700383648,0.99999999478389,5.216109988381845e-09,1.043221997676369e-08,1.5996822008088898,0.000102138239542121,1.8351986597053838e-13,1.8351986597053838e-13,1e-12
success,,Be-Be_2.04_hgbs-5_as-008-004,hamiltonian_generator/hgbs5_diatomic_basis_transfer/lower/Be-Be/2.04/hgbs-5/Be-Be_2.04_hgbs-5_as-008-004.tensors.npz,Be-Be,2.04,hgbs-5,8,4,12,202,326,jw,magnitude_within_groups,"fixed deterministic JW color groups and group order; final JW Pauli terms sorted inside each group by decreasing absolute coefficient magnitude, with dense Pauli lexicographic tie-breaking",326,19392,0.36605946201038225,16,"[38,24,20,16,26,16,24,18,22,20,14,8,16,12,16,36]","[0,1,2,3,4,5,6,7,8,9,10,11,12,13,14,15]",30a425675a6015a3,d9424e01db4fb927,9494078832eaf6ad,100,0.01,1.0,32600,0.08557518525952182,0.00042787592629760907,225,0.11276345800433774,0.0007630409963894635,3.500012098811567e-06,0.00018329200975131243,0.25305379199562594,0.999999948610993,5.138900704970695e-08,1.0277801143487864e-07,1.9008724167736686,0.00032059010293428256,2.6190161150907443e-13,2.6190161150907443e-13,1e-12
success,,Be-Be_2.04_hgbs-5_as-008-004,hamiltonian_generator/hgbs5_diatomic_basis_transfer/lower/Be-Be/2.04/hgbs-5/Be-Be_2.04_hgbs-5_as-008-004.tensors.npz,Be-Be,2.04,hgbs-5,8,4,12,202,326,fermionic,magnitude_within_groups,"fixed deterministic fermionic color groups and group order; complete Hermitian fermionic terms sorted inside each group by decreasing coefficient magnitude, with component-key lexicographic tie-breaking; final JW Pauli order induced by first occurrence",202,8860,0.43643170287177974,21,"[10,15,7,8,4,4,4,4,6,16,8,10,10,10,10,10,4,27,27,4,4]","[0,1,2,3,4,5,6,7,8,9,10,11,12,13,14,15,16,17,18,19,20]",289da7761885a93f,f8a9166f15d6fade,027c152ad3589212,100,0.01,1.0,32600,0.05982713775004542,0.00029913568875022706,225,0.11276345800433774,0.0007630409963894635,5.0000089686363935e-06,0.00023808299738448113,0.2536598330043489,0.9999999924062762,7.593723760912496e-09,1.518744741080269e-08,1.9008755878031767,0.0001232373625238101,2.3447910280083306e-13,2.3447910280083306e-13,1e-12
success,,Be-Be_2.04_hgbs-5_as-008-006,hamiltonian_generator/hgbs5_diatomic_basis_transfer/screen/Be-Be/2.04/hgbs-5/Be-Be_2.04_hgbs-5_as-008-006.tensors.npz,Be-Be,2.04,hgbs-5,8,6,14,385,665,jw,magnitude_within_groups,"fixed deterministic JW color groups and group order; final JW Pauli terms sorted inside each group by decreasing absolute coefficient magnitude, with dense Pauli lexicographic tie-breaking",665,78408,0.35514086420871455,33,"[41,30,30,16,31,23,17,12,25,24,14,10,44,18,22,19,14,53,15,48,18,11,44,18,12,8,8,8,8,8,8,4,4]","[0,1,2,3,4,5,6,7,8,9,10,11,12,13,14,15,16,17,18,19,20,21,22,23,24,25,26,27,28,29,30,31,32]",96280e3fa1d7a52d,4f29cad6c14b4113,4fb3b7373d5594a6,100,0.01,1.0,66500,0.36902188441395395,0.0018451094220697697,1225,0.8586422499938635,0.0027007500029867515,6.791990017518401e-06,0.0007320839940803126,2.212399500000174,0.9999984940586536,1.505941346402473e-06,3.0118804249523734e-06,1.9998847162977573,0.0017354776555187756,0.0,0.0,1e-12
success,,Be-Be_2.04_hgbs-5_as-008-006,hamiltonian_generator/hgbs5_diatomic_basis_transfer/screen/Be-Be/2.04/hgbs-5/Be-Be_2.04_hgbs-5_as-008-006.tensors.npz,Be-Be,2.04,hgbs-5,8,6,14,385,665,fermionic,magnitude_within_groups,"fixed deterministic fermionic color groups and group order; complete Hermitian fermionic terms sorted inside each group by decreasing coefficient magnitude, with component-key lexicographic tie-breaking; final JW Pauli order induced by first occurrence",385,35164,0.4757034632034632,45,"[13,14,14,14,4,4,10,10,4,4,13,6,10,10,10,11,4,23,23,5,8,12,14,7,8,7,7,6,4,4,4,20,18,22,8,5,5,4,4,2,2,2,2,2,2]","[0,1,2,3,4,5,6,7,8,9,10,11,12,13,14,15,16,17,18,19,20,21,22,23,24,25,26,27,28,29,30,31,32,33,34,35,36,37,38,39,40,41,42,43,44]",ca6ef1566cfd5a37,d535c497526fbb8c,6e98199f39d1ec4a,100,0.01,1.0,66500,0.16679202097486284,0.0008339601048743142,1225,0.8586422499938635,0.0027007500029867515,7.95800588093698e-06,0.0007327920029638335,2.2110958749981364,0.9999997540437789,2.459562210566091e-07,4.919123816060633e-07,1.9998843940260658,0.0007013646997912128,0.0,0.0,1e-12
success,,Be-Be_2.04_hgbs-5_as-008-008,hamiltonian_generator/hgbs5_diatomic_basis_transfer/night/Be-Be/2.04/hgbs-5/Be-Be_2.04_hgbs-5_as-008-008.tensors.npz,Be-Be,2.04,hgbs-5,8,8,16,678,1220,jw,magnitude_within_groups,"fixed deterministic JW color groups and group order; final JW Pauli terms sorted inside each group by decreasing absolute coefficient magnitude, with dense Pauli lexicographic tie-breaking",1220,253600,0.3410481582592558,49,"[76,40,36,36,40,30,36,30,20,56,34,24,34,24,26,24,28,14,14,88,19,88,20,19,88,20,16,16,16,20,20,22,14,8,12,12,12,8,8,8,8,8,8,8,8,8,8,4,4]","[0,1,2,3,4,5,6,7,8,9,10,11,12,13,14,15,16,17,18,19,20,21,22,23,24,25,26,27,28,29,30,31,32,33,34,35,36,37,38,39,40,41,42,43,44,45,46,47,48]",661ab140eeaeb8bb,b78c8ff6336b20e7,d84078528e0e68d6,100,0.01,1.0,122000,0.11453810923047344,0.0005726905461523672,4900,4.909094082991942,0.016456708006444387,1.2042000889778137e-05,0.0025354170065838844,14.756079875005526,0.9999999498440669,5.015593307344801e-08,1.0031186359338307e-07,1.9997538081729143,0.0003167204858339543,3.949063298591682e-13,3.9468428525424315e-13,1e-12
success,,Be-Be_2.04_hgbs-5_as-008-008,hamiltonian_generator/hgbs5_diatomic_basis_transfer/night/Be-Be/2.04/hgbs-5/Be-Be_2.04_hgbs-5_as-008-008.tensors.npz,Be-Be,2.04,hgbs-5,8,8,16,678,1220,fermionic,magnitude_within_groups,"fixed deterministic fermionic color groups and group order; complete Hermitian fermionic terms sorted inside each group by decreasing coefficient magnitude, with component-key lexicographic tie-breaking; final JW Pauli order induced by first occurrence",678,111893,0.48754482512211167,71,"[14,26,10,17,8,8,7,8,8,8,10,9,12,8,4,7,8,6,11,8,11,8,9,11,11,17,4,8,9,11,8,8,8,8,6,8,14,8,10,4,6,8,6,10,9,10,8,9,8,4,8,8,16,34,28,30,36,8,6,8,4,4,4,4,5,5,4,4,2,2,2]","[0,1,2,3,4,5,6,7,8,9,10,11,12,13,14,15,16,17,18,19,20,21,22,23,24,25,26,27,28,29,30,31,32,33,34,35,36,37,38,39,40,41,42,43,44,45,46,47,48,49,50,51,52,53,54,55,56,57,58,59,60,61,62,63,64,65,66,67,68,69,70]",9a5709a43f691618,16b318c3d70058c1,e062fbf0dad65bf3,100,0.01,1.0,122000,0.19519307352447923,0.0009759653676223961,4900,4.909094082991942,0.016456708006444387,2.1500003640539944e-05,0.002705207996768877,14.84812358400086,0.9999996152839848,3.8471601515599474e-07,7.694318823192603e-07,1.9997525644152863,0.0008771727482725335,3.3495428652940973e-13,3.3495428652940973e-13,1e-12
success,,Be-Be_2.04_hgbs-5_as-008-010,hamiltonian_generator/hgbs5_diatomic_basis_transfer/night/Be-Be/2.04/hgbs-5/Be-Be_2.04_hgbs-5_as-008-010.tensors.npz,Be-Be,2.04,hgbs-5,8,10,18,1109,2051,jw,magnitude_within_groups,"fixed deterministic JW color groups and group order; final JW Pauli terms sorted inside each group by decreasing absolute coefficient magnitude, with dense Pauli lexicographic tie-breaking",2051,663836,0.31577029646454435,67,"[43,32,34,26,22,30,24,92,29,73,66,28,41,58,19,45,21,42,38,27,50,103,93,28,81,91,46,15,39,36,70,27,17,34,44,19,18,28,24,20,22,18,16,22,20,14,18,30,20,12,16,26,14,14,12,18,14,12,8,8,8,8,8,8,4,4,4]","[0,1,2,3,4,5,6,7,8,9,10,11,12,13,14,15,16,17,18,19,20,21,22,23,24,25,26,27,28,29,30,31,32,33,34,35,36,37,38,39,40,41,42,43,44,45,46,47,48,49,50,51,52,53,54,55,56,57,58,59,60,61,62,63,64,65,66]",ab025b46d1c9ce8e,720b9ac756e1994b,cb6ce1c4c0675d43,100,0.01,1.0,205100,1.6278434018118153,0.008139217009059077,15876,23.081595166004263,0.09512450000329409,2.1459010895341635e-05,0.007426625001244247,36.919569958001375,0.9999996513793221,3.4862067788132833e-07,6.972412341932355e-07,1.9999953626125182,0.0008350097938124179,1.4348467158864509e-07,1.4348467158864509e-07,1e-12
success,,Be-Be_2.04_hgbs-5_as-008-010,hamiltonian_generator/hgbs5_diatomic_basis_transfer/night/Be-Be/2.04/hgbs-5/Be-Be_2.04_hgbs-5_as-008-010.tensors.npz,Be-Be,2.04,hgbs-5,8,10,18,1109,2051,fermionic,magnitude_within_groups,"fixed deterministic fermionic color groups and group order; complete Hermitian fermionic terms sorted inside each group by decreasing coefficient magnitude, with component-key lexicographic tie-breaking; final JW Pauli order induced by first occurrence",1109,288581,0.46970634096480063,93,"[19,12,12,12,19,13,35,12,13,14,10,12,13,11,14,11,12,12,10,11,10,11,12,12,10,15,12,10,11,12,11,10,11,9,15,12,12,11,11,10,10,12,16,10,10,16,17,22,12,16,10,11,11,10,9,17,9,11,15,11,15,12,9,12,13,9,22,15,11,9,10,8,9,8,14,21,14,14,9,10,14,11,8,12,10,11,6,12,5,4,4,6,3]","[0,1,2,3,4,5,6,7,8,9,10,11,12,13,14,15,16,17,18,19,20,21,22,23,24,25,26,27,28,29,30,31,32,33,34,35,36,37,38,39,40,41,42,43,44,45,46,47,48,49,50,51,52,53,54,55,56,57,58,59,60,61,62,63,64,65,66,67,68,69,70,71,72,73,74,75,76,77,78,79,80,81,82,83,84,85,86,87,88,89,90,91,92]",ece62fee65ce7c60,0e53952f33745524,08b8085bb4f3a913,100,0.01,1.0,205100,0.21039824004677937,0.001051991200233897,15876,23.081595166004263,0.09512450000329409,3.108399687334895e-05,0.0070721249940106645,36.78668224999274,0.999999593801794,4.0619820595999556e-07,8.123962469408497e-07,1.9999953470349439,0.0009013303567061253,2.1238566461079245e-13,2.1238566461079245e-13,1e-12
success,,Be-Be_2.04_hgbs-5_as-008-012,hamiltonian_generator/hgbs5_diatomic_basis_transfer/night/Be-Be/2.04/hgbs-5/Be-Be_2.04_hgbs-5_as-008-012.tensors.npz,Be-Be,2.04,hgbs-5,8,12,20,1580,2950,jw,magnitude_within_groups,"fixed deterministic JW color groups and group order; final JW Pauli terms sorted inside each group by decreasing absolute coefficient magnitude, with dense Pauli lexicographic tie-breaking",2950,1272112,0.2924546671954297,67,"[58,42,46,44,32,172,37,156,42,37,156,34,26,16,34,34,48,48,40,40,64,64,56,56,64,64,52,52,52,48,40,40,30,26,24,108,24,88,24,24,104,68,56,62,36,30,20,32,28,28,32,20,20,24,16,20,20,20,24,28,28,20,8,16,16,16,16]","[0,1,2,3,4,5,6,7,8,9,10,11,12,13,14,15,16,17,18,19,20,21,22,23,24,25,26,27,28,29,30,31,32,33,34,35,36,37,38,39,40,41,42,43,44,45,46,47,48,49,50,51,52,53,54,55,56,57,58,59,60,61,62,63,64,65,66]",abeb72182c5ac2b4,5c6db002f9b04cb2,c3d8f4b0f0268f32,100,0.01,1.0,295000,1.0635062870931893,0.005317531435465947,44100,83.37920712500636,0.39155583300453145,3.024999750778079e-05,0.013889958005165681,104.41112191599677,0.999999804728242,1.9527175798561558e-07,3.905434778905814e-07,1.9971817740952091,0.0006249348093771311,6.247629014133338e-08,6.247629058542259e-08,1e-12
success,,Be-Be_2.04_hgbs-5_as-008-012,hamiltonian_generator/hgbs5_diatomic_basis_transfer/night/Be-Be/2.04/hgbs-5/Be-Be_2.04_hgbs-5_as-008-012.tensors.npz,Be-Be,2.04,hgbs-5,8,12,20,1580,2950,fermionic,magnitude_within_groups,"fixed deterministic fermionic color groups and group order; complete Hermitian fermionic terms sorted inside each group by decreasing coefficient magnitude, with component-key lexicographic tie-breaking; final JW Pauli order induced by first occurrence",1580,553355,0.4436031457179275,120,"[16,16,14,21,12,17,21,18,15,11,15,12,15,16,10,13,16,12,16,12,16,10,14,14,11,11,15,16,15,10,11,12,11,15,12,14,14,9,10,11,18,15,13,13,13,14,11,14,11,14,16,11,8,11,13,14,14,13,15,12,11,11,13,12,13,10,12,15,9,14,10,15,15,11,14,14,12,14,12,16,9,16,14,11,15,14,13,10,15,12,12,13,22,14,21,16,18,17,16,15,14,15,17,20,17,16,18,10,10,10,10,9,15,11,5,5,12,5,2,1]","[0,1,2,3,4,5,6,7,8,9,10,11,12,13,14,15,16,17,18,19,20,21,22,23,24,25,26,27,28,29,30,31,32,33,34,35,36,37,38,39,40,41,42,43,44,45,46,47,48,49,50,51,52,53,54,55,56,57,58,59,60,61,62,63,64,65,66,67,68,69,70,71,72,73,74,75,76,77,78,79,80,81,82,83,84,85,86,87,88,89,90,91,92,93,94,95,96,97,98,99,100,101,102,103,104,105,106,107,108,109,110,111,112,113,114,115,116,117,118,119]",fa957800b3c8ee61,97834f6f35b4eb6a,cc2c17bdcd6137ea,100,0.01,1.0,295000,0.21913935824467318,0.0010956967912233659,44100,83.37920712500636,0.39155583300453145,6.308300362434238e-05,0.014306500001112,104.81437274999917,0.9999999095926468,9.040735315934967e-08,1.8081469810304895e-07,1.9971829010404152,0.0004252231253338644,8.670841822322473e-14,8.659739592076221e-14,1e-12
success,,F-F_1.28_hgbs-5_as-004-002,hamiltonian_generator/hgbs5_diatomic_basis_transfer/lower/F-F/1.28/hgbs-5/F-F_1.28_hgbs-5_as-004-002.tensors.npz,F-F,1.28,hgbs-5,4,2,6,27,33,jw,magnitude_within_groups,"fixed deterministic JW color groups and group order; final JW Pauli terms sorted inside each group by decreasing absolute coefficient magnitude, with dense Pauli lexicographic tie-breaking",33,168,0.3181818181818182,3,"[13,10,10]","[0,1,2]",b02a6761529b9160,92847eeaa94ec4dc,887c22ebb1cf688e,100,0.01,1.0,3300,0.0009126967562512463,4.563483781256232e-06,9,0.0026118749956367537,0.00035037500492762774,6.67001586407423e-07,2.0874998881481588e-05,0.001149624993558973,0.9999999999918228,8.177236665574128e-12,1.6354473331148256e-11,1.6815955313098918,4.044066435056212e-06,3.4861002973229915e-14,3.4861002973229915e-14,1e-12
success,,F-F_1.28_hgbs-5_as-004-002,hamiltonian_generator/hgbs5_diatomic_basis_transfer/lower/F-F/1.28/hgbs-5/F-F_1.28_hgbs-5_as-004-002.tensors.npz,F-F,1.28,hgbs-5,4,2,6,27,33,fermionic,magnitude_within_groups,"fixed deterministic fermionic color groups and group order; complete Hermitian fermionic terms sorted inside each group by decreasing coefficient magnitude, with component-key lexicographic tie-breaking; final JW Pauli order induced by first occurrence",27,90,0.2564102564102564,4,"[7,7,7,6]","[0,1,2,3]",9b365a86a347631e,6eb45a14a5c037fd,b28a2e3a112852ff,100,0.01,1.0,3300,0.000695667380729337,3.478336903646685e-06,9,0.0026118749956367537,0.00035037500492762774,6.659975042566657e-07,1.3083001249469817e-05,0.001167667011031881,0.9999999999953043,4.6956882826520996e-12,9.391376565304199e-12,1.6815955318968814,3.064535293532153e-06,3.097522238704187e-14,3.097522238704187e-14,1e-12
success,,F-F_1.28_hgbs-5_as-006-002,hamiltonian_generator/hgbs5_diatomic_basis_transfer/lower/F-F/1.28/hgbs-5/F-F_1.28_hgbs-5_as-006-002.tensors.npz,F-F,1.28,hgbs-5,6,2,8,48,60,jw,magnitude_within_groups,"fixed deterministic JW color groups and group order; final JW Pauli terms sorted inside each group by decreasing absolute coefficient magnitude, with dense Pauli lexicographic tie-breaking",60,576,0.3254237288135593,4,"[20,16,16,8]","[0,1,2,3]",782177ff3659e316,5257ae5627adb869,9fb27e4541322a61,100,0.01,1.0,6000,0.004274255624556744,2.137127812278372e-05,16,0.005524124993826263,0.00026241700106766075,8.750066626816988e-07,2.1166997612453997e-05,0.004151375003857538,0.999999999838506,1.6149404036269743e-10,3.2298808072539487e-10,1.9950235650216703,1.7971869149462303e-05,4.218847493575595e-15,4.218847493575595e-15,1e-12
success,,F-F_1.28_hgbs-5_as-006-002,hamiltonian_generator/hgbs5_diatomic_basis_transfer/lower/F-F/1.28/hgbs-5/F-F_1.28_hgbs-5_as-006-002.tensors.npz,F-F,1.28,hgbs-5,6,2,8,48,60,fermionic,magnitude_within_groups,"fixed deterministic fermionic color groups and group order; complete Hermitian fermionic terms sorted inside each group by decreasing coefficient magnitude, with component-key lexicographic tie-breaking; final JW Pauli order induced by first occurrence",48,288,0.2553191489361702,4,"[8,8,8,24]","[0,1,2,3]",19e798a513a35ea2,936ab95e8158444a,c3d868417f2bbc5e,100,0.01,1.0,6000,0.003174202138027718,1.5871010690138588e-05,16,0.005524124993826263,0.00026241700106766075,9.57996235229075e-07,2.4999986635521054e-05,0.00417058399762027,0.9999999999101893,8.98107144209348e-11,1.796214288418696e-10,1.9950235636781735,1.3402291924960804e-05,1.2989609388114332e-14,1.2878587085651816e-14,1e-12
success,,F-F_1.28_hgbs-5_as-008-002,hamiltonian_generator/hgbs5_diatomic_basis_transfer/lower/F-F/1.28/hgbs-5/F-F_1.28_hgbs-5_as-008-002.tensors.npz,F-F,1.28,hgbs-5,8,2,10,121,187,jw,magnitude_within_groups,"fixed deterministic JW color groups and group order; final JW Pauli terms sorted inside each group by decreasing absolute coefficient magnitude, with dense Pauli lexicographic tie-breaking",187,6876,0.3953769190960842,10,"[31,25,21,14,18,12,30,18,14,4]","[0,1,2,3,4,5,6,7,8,9]",372fe8672d56c3af,a412807791cc874e,133e7543b759a861,100,0.01,1.0,18700,0.0018439363263929966,9.219681631964984e-06,25,0.016738042002543807,0.00029645800532307476,1.8749997252598405e-06,9.941699681803584e-05,0.03988766600377858,0.9999999999718973,2.81027423554292e-11,5.62054847108584e-11,1.9977562837552747,7.497031726680794e-06,7.438494264988549e-14,7.438494264988549e-14,1e-12
success,,F-F_1.28_hgbs-5_as-008-002,hamiltonian_generator/hgbs5_diatomic_basis_transfer/lower/F-F/1.28/hgbs-5/F-F_1.28_hgbs-5_as-008-002.tensors.npz,F-F,1.28,hgbs-5,8,2,10,121,187,fermionic,magnitude_within_groups,"fixed deterministic fermionic color groups and group order; complete Hermitian fermionic terms sorted inside each group by decreasing coefficient magnitude, with component-key lexicographic tie-breaking; final JW Pauli order induced by first occurrence",121,3278,0.45151515151515154,17,"[9,7,11,8,8,7,5,6,4,6,10,6,13,8,4,4,5]","[0,1,2,3,4,5,6,7,8,9,10,11,12,13,14,15,16]",5d1ded4c2894530e,adefb9d1492e6c7e,2542b8d3a9a589e1,100,0.01,1.0,18700,0.0017428244172886971,8.714122086443485e-06,25,0.016738042002543807,0.00029645800532307476,2.1669984562322497e-06,8.783300290815532e-05,0.03997699999308679,0.9999999999721934,2.780664587476167e-11,5.561329174952334e-11,1.9977562838160332,7.4574319808847966e-06,7.782663402622347e-14,7.771561172376096e-14,1e-12
success,,F-F_1.28_hgbs-5_as-010-002,hamiltonian_generator/hgbs5_diatomic_basis_transfer/lower/F-F/1.28/hgbs-5/F-F_1.28_hgbs-5_as-010-002.tensors.npz,F-F,1.28,hgbs-5,10,2,12,230,382,jw,magnitude_within_groups,"fixed deterministic JW color groups and group order; final JW Pauli terms sorted inside each group by decreasing absolute coefficient magnitude, with dense Pauli lexicographic tie-breaking",382,27792,0.3819103763861978,19,"[38,26,16,22,16,24,24,10,10,22,22,12,12,32,28,20,16,16,16]","[0,1,2,3,4,5,6,7,8,9,10,11,12,13,14,15,16,17,18]",bf1964f81119cdd3,4c4b2ed2bfb9ac6a,77bc5b377c2a67db,100,0.01,1.0,38200,1.839982156555924,0.00919991078277962,36,0.03561316600826103,0.00030204199720174074,3.917011781595647e-06,0.0002789579884847626,0.3023037499951897,0.9999999540762886,4.592371138922857e-08,9.18474206690334e-08,1.0094838136627962,0.000303063397292476,9.170043224759894e-08,9.170043235862124e-08,1e-12
success,,F-F_1.28_hgbs-5_as-010-002,hamiltonian_generator/hgbs5_diatomic_basis_transfer/lower/F-F/1.28/hgbs-5/F-F_1.28_hgbs-5_as-010-002.tensors.npz,F-F,1.28,hgbs-5,10,2,12,230,382,fermionic,magnitude_within_groups,"fixed deterministic fermionic color groups and group order; complete Hermitian fermionic terms sorted inside each group by decreasing coefficient magnitude, with component-key lexicographic tie-breaking; final JW Pauli order induced by first occurrence",230,12994,0.49341180937915324,28,"[10,8,14,6,8,7,7,9,8,9,8,8,13,9,8,6,8,9,14,8,8,13,8,6,6,6,4,2]","[0,1,2,3,4,5,6,7,8,9,10,11,12,13,14,15,16,17,18,19,20,21,22,23,24,25,26,27]",5cf4f350f280ec93,aa3a9c50d6eab217,ffe36d245c1d2b7a,100,0.01,1.0,38200,0.0070440287571950635,3.522014378597532e-05,36,0.03561316600826103,0.00030204199720174074,4.874993464909494e-06,0.0003100830072071403,0.3023924590088427,0.9999999995664703,4.3352965661824783e-10,8.670593132364957e-10,1.0094834157636856,2.9445870903006006e-05,1.7974510768681284e-13,1.7974510768681284e-13,1e-12
success,,F-F_1.28_hgbs-5_as-012-002,hamiltonian_generator/hgbs5_diatomic_basis_transfer/screen/F-F/1.28/hgbs-5/F-F_1.28_hgbs-5_as-012-002.tensors.npz,F-F,1.28,hgbs-5,12,2,14,387,669,jw,magnitude_within_groups,"fixed deterministic JW color groups and group order; final JW Pauli terms sorted inside each group by decreasing absolute coefficient magnitude, with dense Pauli lexicographic tie-breaking",669,80408,0.35985428246645723,22,"[49,53,41,49,37,40,28,36,24,18,12,18,12,44,36,20,16,32,40,24,20,20]","[0,1,2,3,4,5,6,7,8,9,10,11,12,13,14,15,16,17,18,19,20,21]",9ab5d1f43a2d1c99,3207da85f1f5d9c9,43d40f7871e95e1e,100,0.01,1.0,66900,2.653360987051807,0.013266804935259035,49,0.06498904101317748,0.00037654201150871813,6.20899663772434e-06,0.0007660830015083775,2.180457958005718,0.9999998859115997,1.1408840028259704e-07,2.2817678757558468e-07,1.9824336117392376,0.00047767855359561004,2.2796498266863807e-07,2.2796498255761577e-07,1e-12
success,,F-F_1.28_hgbs-5_as-012-002,hamiltonian_generator/hgbs5_diatomic_basis_transfer/screen/F-F/1.28/hgbs-5/F-F_1.28_hgbs-5_as-012-002.tensors.npz,F-F,1.28,hgbs-5,12,2,14,387,669,fermionic,magnitude_within_groups,"fixed deterministic fermionic color groups and group order; complete Hermitian fermionic terms sorted inside each group by decreasing coefficient magnitude, with component-key lexicographic tie-breaking; final JW Pauli order induced by first occurrence",387,37185,0.497851146724505,40,"[13,13,10,13,10,10,13,10,13,13,12,9,9,8,8,11,9,8,8,8,8,8,8,8,8,8,6,12,10,10,14,6,7,8,17,9,8,11,12,1]","[0,1,2,3,4,5,6,7,8,9,10,11,12,13,14,15,16,17,18,19,20,21,22,23,24,25,26,27,28,29,30,31,32,33,34,35,36,37,38,39]",9d7f790e214cadd2,bdf61479860b3697,52f54380dc792d19,100,0.01,1.0,66900,0.019770692843952786,9.885346421976393e-05,49,0.06498904101317748,0.00037654201150871813,9.54199640545994e-06,0.0013179170055082068,2.1799355000111973,0.9999999962119832,3.788016789130211e-09,7.576033578260422e-09,1.9824326172455733,8.70404134770764e-05,6.213918268827001e-13,6.213918268827001e-13,1e-12
success,,F-F_1.28_hgbs-5_as-014-002,hamiltonian_generator/hgbs5_diatomic_basis_transfer/night/F-F/1.28/hgbs-5/F-F_1.28_hgbs-5_as-014-002.tensors.npz,F-F,1.28,hgbs-5,14,2,16,656,1176,jw,magnitude_within_groups,"fixed deterministic JW color groups and group order; final JW Pauli terms sorted inside each group by decreasing absolute coefficient magnitude, with dense Pauli lexicographic tie-breaking",1176,230944,0.3342654508611955,26,"[48,36,56,56,48,48,64,64,56,56,28,24,24,24,108,36,32,32,56,72,72,32,32,32,32,8]","[0,1,2,3,4,5,6,7,8,9,10,11,12,13,14,15,16,17,18,19,20,21,22,23,24,25]",4ecedd81fc4cb891,a16a763b7bda5b04,17ff2c656d5be12f,100,0.01,1.0,117600,1.845378926059382,0.00922689463029691,64,0.11308441699657124,0.0003541249898262322,1.1957992683164775e-05,0.0023909169976832345,14.119256707999739,0.9999999499986456,5.00013543902611e-08,1.0000270622700924e-07,1.753304311712504,0.0003162320489459002,9.677005097241675e-08,9.677005097241675e-08,1e-12
success,,F-F_1.28_hgbs-5_as-014-002,hamiltonian_generator/hgbs5_diatomic_basis_transfer/night/F-F/1.28/hgbs-5/F-F_1.28_hgbs-5_as-014-002.tensors.npz,F-F,1.28,hgbs-5,14,2,16,656,1176,fermionic,magnitude_within_groups,"fixed deterministic fermionic color groups and group order; complete Hermitian fermionic terms sorted inside each group by decreasing coefficient magnitude, with component-key lexicographic tie-breaking; final JW Pauli order induced by first occurrence",656,107059,0.4983196797616831,53,"[12,12,12,12,12,12,12,12,12,12,12,12,12,12,12,14,14,12,16,12,8,12,12,12,10,16,13,14,14,14,16,16,12,10,10,8,12,8,12,8,13,8,13,20,14,14,26,23,14,11,9,5,1]","[0,1,2,3,4,5,6,7,8,9,10,11,12,13,14,15,16,17,18,19,20,21,22,23,24,25,26,27,28,29,30,31,32,33,34,35,36,37,38,39,40,41,42,43,44,45,46,47,48,49,50,51,52]",937ddf483dddc372,c779ab5320c53aae,256d11cef251662f,100,0.01,1.0,117600,0.1438684217268042,0.000719342108634021,64,0.11308441699657124,0.0003541249898262322,1.2999997125007212e-05,0.002771875006146729,14.072128125000745,0.9999997804888497,2.1951115025675705e-07,4.3902225232983483e-07,1.7533042659950115,0.0006625875795044109,7.397416013077418e-13,7.397416013077418e-13,1e-12
success,,F-F_1.28_hgbs-5_as-016-002,hamiltonian_generator/hgbs5_diatomic_basis_transfer/night/F-F/1.28/hgbs-5/F-F_1.28_hgbs-5_as-016-002.tensors.npz,F-F,1.28,hgbs-5,16,2,18,1027,1883,jw,magnitude_within_groups,"fixed deterministic JW color groups and group order; final JW Pauli terms sorted inside each group by decreasing absolute coefficient magnitude, with dense Pauli lexicographic tie-breaking",1883,554688,0.313046481664064,48,"[51,38,34,36,31,27,132,48,54,50,48,42,80,72,60,62,62,62,58,48,30,32,50,22,32,32,32,32,28,38,24,16,25,16,16,16,42,37,52,36,24,34,26,26,18,16,20,16]","[0,1,2,3,4,5,6,7,8,9,10,11,12,13,14,15,16,17,18,19,20,21,22,23,24,25,26,27,28,29,30,31,32,33,34,35,36,37,38,39,40,41,42,43,44,45,46,47]",7b9148a0c001ca09,47de4ac750157b2f,e95d666e1575101e,100,0.01,1.0,188300,2.1524103996574193,0.010762051998287097,81,0.186477625000407,0.0014542499993694946,1.95419997908175e-05,0.005969792007817887,33.570240417000605,0.9999996349744554,3.6502554456863123e-07,7.300509559104995e-07,0.13131750391098054,0.000854430271664846,6.634951115191967e-07,6.634951115191967e-07,1e-12
success,,F-F_1.28_hgbs-5_as-016-002,hamiltonian_generator/hgbs5_diatomic_basis_transfer/night/F-F/1.28/hgbs-5/F-F_1.28_hgbs-5_as-016-002.tensors.npz,F-F,1.28,hgbs-5,16,2,18,1027,1883,fermionic,magnitude_within_groups,"fixed deterministic fermionic color groups and group order; complete Hermitian fermionic terms sorted inside each group by decreasing coefficient magnitude, with component-key lexicographic tie-breaking; final JW Pauli order induced by first occurrence",1027,252892,0.48000668120588175,84,"[15,17,16,15,14,15,16,14,16,16,12,11,12,13,9,11,12,10,12,12,12,16,10,12,11,8,11,9,15,13,10,9,13,10,8,9,10,10,12,10,11,10,10,10,12,12,12,12,12,12,11,10,10,10,11,10,11,11,13,9,12,12,10,10,13,11,22,10,16,10,9,10,9,11,20,24,21,27,23,14,15,6,5,2]","[0,1,2,3,4,5,6,7,8,9,10,11,12,13,14,15,16,17,18,19,20,21,22,23,24,25,26,27,28,29,30,31,32,33,34,35,36,37,38,39,40,41,42,43,44,45,46,47,48,49,50,51,52,53,54,55,56,57,58,59,60,61,62,63,64,65,66,67,68,69,70,71,72,73,74,75,76,77,78,79,80,81,82,83]",bb0be851b109e5d0,a48bbe714540e579,0d06c4826d717808,100,0.01,1.0,188300,0.3871312037581464,0.001935656018790732,81,0.186477625000407,0.0014542499993694946,2.8915994334965944e-05,0.005851415990036912,33.54061562499555,0.999998584011042,1.415988957975678e-06,2.8319759108885734e-06,0.13132901994566126,0.0016828481559402072,5.450084827884893e-13,5.451195050909519e-13,1e-12
success,,F-F_1.28_hgbs-5_as-018-002,hamiltonian_generator/hgbs5_diatomic_basis_transfer/night/F-F/1.28/hgbs-5/F-F_1.28_hgbs-5_as-018-002.tensors.npz,F-F,1.28,hgbs-5,18,2,20,1580,2950,jw,magnitude_within_groups,"fixed deterministic JW color groups and group order; final JW Pauli terms sorted inside each group by decreasing absolute coefficient magnitude, with dense Pauli lexicographic tie-breaking",2950,1272112,0.2924546671954297,67,"[58,42,46,44,32,172,37,156,42,37,156,34,26,16,34,34,48,48,40,40,64,64,56,56,64,64,52,52,52,48,40,40,30,26,24,108,24,88,24,24,104,68,56,62,36,30,20,32,28,28,32,20,20,24,16,20,20,20,24,28,28,20,8,16,16,16,16]","[0,1,2,3,4,5,6,7,8,9,10,11,12,13,14,15,16,17,18,19,20,21,22,23,24,25,26,27,28,29,30,31,32,33,34,35,36,37,38,39,40,41,42,43,44,45,46,47,48,49,50,51,52,53,54,55,56,57,58,59,60,61,62,63,64,65,66]",4ab7fc583364cee0,24dbfca68417c16e,78e64a4f536af461,100,0.01,1.0,295000,21.333037839166817,0.10666518919583408,100,0.2948853750131093,0.0015273749886546284,3.116698644589633e-05,0.013437166999210604,105.33200670800579,0.9999943093124737,5.690687526316296e-06,1.1381342668759231e-05,0.5325613365055354,0.0033736293591075757,1.1333909358035577e-05,1.1333909357924554e-05,1e-12
success,,F-F_1.28_hgbs-5_as-018-002,hamiltonian_generator/hgbs5_diatomic_basis_transfer/night/F-F/1.28/hgbs-5/F-F_1.28_hgbs-5_as-018-002.tensors.npz,F-F,1.28,hgbs-5,18,2,20,1580,2950,fermionic,magnitude_within_groups,"fixed deterministic fermionic color groups and group order; complete Hermitian fermionic terms sorted inside each group by decreasing coefficient magnitude, with component-key lexicographic tie-breaking; final JW Pauli order induced by first occurrence",1580,573636,0.4598616333042063,127,"[16,16,15,16,16,14,18,16,26,18,11,11,12,13,12,12,12,8,14,14,10,10,16,12,12,10,12,14,11,14,12,9,11,11,15,14,12,11,15,11,9,11,14,15,13,12,13,12,20,20,12,14,12,9,11,11,11,11,11,12,15,13,15,14,12,12,10,12,10,12,12,11,11,10,10,10,15,20,9,10,10,10,11,10,9,10,11,12,13,11,11,10,16,6,26,9,11,10,15,22,13,11,16,13,14,18,6,19,6,11,10,9,8,9,6,7,4,7,10,8,13,24,25,15,14,8,5]","[0,1,2,3,4,5,6,7,8,9,10,11,12,13,14,15,16,17,18,19,20,21,22,23,24,25,26,27,28,29,30,31,32,33,34,35,36,37,38,39,40,41,42,43,44,45,46,47,48,49,50,51,52,53,54,55,56,57,58,59,60,61,62,63,64,65,66,67,68,69,70,71,72,73,74,75,76,77,78,79,80,81,82,83,84,85,86,87,88,89,90,91,92,93,94,95,96,97,98,99,100,101,102,103,104,105,106,107,108,109,110,111,112,113,114,115,116,117,118,119,120,121,122,123,124,125,126]",3807023e152637e4,103c6612689a2ec6,2a0fe6c7905553a0,100,0.01,1.0,295000,1.241786817620931,0.006208934088104655,100,0.2948853750131093,0.0015273749886546284,5.93330041738227e-05,0.01390254199213814,105.56789916699927,0.9999948927087895,5.10729121050435e-06,1.0214556336540781e-05,0.5325700657003976,0.0031960260357213454,1.1002310174035301e-12,1.100008972798605e-12,1e-12
success,,B-B_1.70_hgbs-5_as-002-004,hamiltonian_generator/hgbs5_diatomic_basis_transfer/lower/B-B/1.70/hgbs-5/B-B_1.70_hgbs-5_as-002-004.tensors.npz,B-B,1.70,hgbs-5,2,4,6,27,33,jw,magnitude_within_groups,"fixed deterministic JW color groups and group order; final JW Pauli terms sorted inside each group by decreasing absolute coefficient magnitude, with dense Pauli lexicographic tie-breaking",33,168,0.3181818181818182,3,"[13,10,10]","[0,1,2]",b02a6761529b9160,d02139c975c0b2f8,06ed4bb8df54c5f7,100,0.01,1.0,3300,0.01711159329437733,8.555796647188665e-05,9,0.002124666003510356,0.0003106250078417361,6.67001586407423e-07,2.012500772252679e-05,0.001181540996185504,0.999999996341621,3.6583790441468977e-09,7.3167580882937955e-09,0.781152725165544,8.553805052895346e-05,0.0,0.0,1e-12
success,,B-B_1.70_hgbs-5_as-002-004,hamiltonian_generator/hgbs5_diatomic_basis_transfer/lower/B-B/1.70/hgbs-5/B-B_1.70_hgbs-5_as-002-004.tensors.npz,B-B,1.70,hgbs-5,2,4,6,27,33,fermionic,magnitude_within_groups,"fixed deterministic fermionic color groups and group order; complete Hermitian fermionic terms sorted inside each group by decreasing coefficient magnitude, with component-key lexicographic tie-breaking; final JW Pauli order induced by first occurrence",27,90,0.2564102564102564,4,"[7,7,7,6]","[0,1,2,3]",9b365a86a347631e,a58c2140082e6262,cccc27ea14555e5d,100,0.01,1.0,3300,0.005750517965416543,2.8752589827082716e-05,9,0.002124666003510356,0.0003106250078417361,6.67001586407423e-07,1.3040989870205522e-05,0.0011593329982133582,0.9999999995868015,4.131984754351947e-10,8.263969508703894e-10,0.7811534195278352,2.8747120740526163e-05,0.0,0.0,1e-12
success,,B-B_1.70_hgbs-5_as-004-004,hamiltonian_generator/hgbs5_diatomic_basis_transfer/lower/B-B/1.70/hgbs-5/B-B_1.70_hgbs-5_as-004-004.tensors.npz,B-B,1.70,hgbs-5,4,4,8,48,60,jw,magnitude_within_groups,"fixed deterministic JW color groups and group order; final JW Pauli terms sorted inside each group by decreasing absolute coefficient magnitude, with dense Pauli lexicographic tie-breaking",60,576,0.3254237288135593,4,"[20,16,16,8]","[0,1,2,3]",782177ff3659e316,d3228b1f29438e66,e1bc4810b1add87f,100,0.01,1.0,6000,0.22266440919677324,0.0011133220459838662,36,0.0062240419938461855,0.00024195799778681248,8.329952834174037e-07,2.0166000467725098e-05,0.004121374993701465,0.9999993902442991,6.09755700931025e-07,1.2195110300483591e-06,1.9865682664579416,0.001104314901584711,5.88418203051333e-15,5.88418203051333e-15,1e-12
success,,B-B_1.70_hgbs-5_as-004-004,hamiltonian_generator/hgbs5_diatomic_basis_transfer/lower/B-B/1.70/hgbs-5/B-B_1.70_hgbs-5_as-004-004.tensors.npz,B-B,1.70,hgbs-5,4,4,8,48,60,fermionic,magnitude_within_groups,"fixed deterministic fermionic color groups and group order; complete Hermitian fermionic terms sorted inside each group by decreasing coefficient magnitude, with component-key lexicographic tie-breaking; final JW Pauli order induced by first occurrence",48,288,0.2553191489361702,4,"[8,8,8,24]","[0,1,2,3]",19e798a513a35ea2,733861efde98a657,fe5c39056a44b9a3,100,0.01,1.0,6000,0.07428221616434631,0.00037141108082173156,36,0.0062240419938461855,0.00024195799778681248,9.159994078800082e-07,2.750000567175448e-05,0.004133458001888357,0.9999999320673343,6.79326657149204e-08,1.358653267669041e-07,1.9865606859253413,0.0003685991473536541,0.0,0.0,1e-12
success,,B-B_1.70_hgbs-5_as-004-006,hamiltonian_generator/hgbs5_diatomic_basis_transfer/lower/B-B/1.70/hgbs-5/B-B_1.70_hgbs-5_as-004-006.tensors.npz,B-B,1.70,hgbs-5,4,6,10,105,155,jw,magnitude_within_groups,"fixed deterministic JW color groups and group order; final JW Pauli terms sorted inside each group by decreasing absolute coefficient magnitude, with dense Pauli lexicographic tie-breaking",155,4384,0.3673229995810641,11,"[23,16,18,10,8,11,7,4,18,24,16]","[0,1,2,3,4,5,6,7,8,9,10]",efac52e346181d4c,613324d9bb5df70c,41a7dc76f63110d0,100,0.01,1.0,15500,0.1629321641413152,0.000814660820706576,100,0.021606167007121257,0.0002807499986374751,1.7080019460991025e-06,0.00011345799430273473,0.034273375000339,0.9999996734460476,3.265539524344163e-07,6.531077981764e-07,1.9813646497864412,0.0008081509171366649,2.240430063693566e-13,2.2393198406689407e-13,1e-12
success,,B-B_1.70_hgbs-5_as-004-006,hamiltonian_generator/hgbs5_diatomic_basis_transfer/lower/B-B/1.70/hgbs-5/B-B_1.70_hgbs-5_as-004-006.tensors.npz,B-B,1.70,hgbs-5,4,6,10,105,155,fermionic,magnitude_within_groups,"fixed deterministic fermionic color groups and group order; complete Hermitian fermionic terms sorted inside each group by decreasing coefficient magnitude, with component-key lexicographic tie-breaking; final JW Pauli order induced by first occurrence",105,2065,0.3782051282051282,12,"[11,8,11,4,4,17,9,3,8,17,11,2]","[0,1,2,3,4,5,6,7,8,9,10,11]",b74fbaf288d87609,b5c435f84790f33b,40b4bef6d50da0b1,100,0.01,1.0,15500,0.04521230043874664,0.0002260615021937332,100,0.021606167007121257,0.0002807499986374751,2.291999408043921e-06,5.800000508315861e-05,0.034221291993162595,0.9999999747950009,2.5204999087868885e-08,5.0409997509603954e-08,1.981357389146384,0.000224521709809403,2.0305979120394113e-13,2.0317081350640365e-13,1e-12
success,,B-B_1.70_hgbs-5_as-004-008,hamiltonian_generator/hgbs5_diatomic_basis_transfer/lower/B-B/1.70/hgbs-5/B-B_1.70_hgbs-5_as-004-008.tensors.npz,B-B,1.70,hgbs-5,4,8,12,202,326,jw,magnitude_within_groups,"fixed deterministic JW color groups and group order; final JW Pauli terms sorted inside each group by decreasing absolute coefficient magnitude, with dense Pauli lexicographic tie-breaking",326,19392,0.36605946201038225,18,"[38,24,20,16,26,16,24,18,15,10,12,28,18,9,20,18,10,4]","[0,1,2,3,4,5,6,7,8,9,10,11,12,13,14,15,16,17]",1da781a8ee1ed233,efb7c73fe4a60b54,3ad3b3c3d1fccf65,100,0.01,1.0,32600,0.06484066329076683,0.0003242033164538342,225,0.06083662499440834,0.0003522079932736233,3.3340038498863578e-06,0.00021429099433589727,0.27173799999582116,0.9999999481331564,5.186684359781424e-08,1.0373368453109322e-07,1.9636956127183247,0.0003220771447893012,1.9029222642075183e-13,1.9029222642075183e-13,1e-12
success,,B-B_1.70_hgbs-5_as-004-008,hamiltonian_generator/hgbs5_diatomic_basis_transfer/lower/B-B/1.70/hgbs-5/B-B_1.70_hgbs-5_as-004-008.tensors.npz,B-B,1.70,hgbs-5,4,8,12,202,326,fermionic,magnitude_within_groups,"fixed deterministic fermionic color groups and group order; complete Hermitian fermionic terms sorted inside each group by decreasing coefficient magnitude, with component-key lexicographic tie-breaking; final JW Pauli order induced by first occurrence",202,8863,0.43657947884340675,23,"[10,15,7,8,4,4,4,4,6,16,8,10,10,12,5,18,6,7,10,25,6,4,3]","[0,1,2,3,4,5,6,7,8,9,10,11,12,13,14,15,16,17,18,19,20,21,22]",e8b15d3891c446b9,a01942822b1e937e,8efd02a07334fddf,100,0.01,1.0,32600,0.09089769251908207,0.00045448846259541034,225,0.06083662499440834,0.0003522079932736233,4.708010237663984e-06,0.00022737499966751784,0.264904709008988,0.9999998983190923,1.0168090769369087e-07,2.033618050623076e-07,1.9636824764494665,0.0004509565559866956,1.780797731498751e-13,1.780797731498751e-13,1e-12
success,,B-B_1.70_hgbs-5_as-006-008,hamiltonian_generator/hgbs5_diatomic_basis_transfer/screen/B-B/1.70/hgbs-5/B-B_1.70_hgbs-5_as-006-008.tensors.npz,B-B,1.70,hgbs-5,6,8,14,339,573,jw,magnitude_within_groups,"fixed deterministic JW color groups and group order; final JW Pauli terms sorted inside each group by decreasing absolute coefficient magnitude, with dense Pauli lexicographic tie-breaking",573,56904,0.34723391791454616,22,"[21,36,29,36,29,27,20,27,20,36,29,27,20,24,32,24,32,24,32,16,16,16]","[0,1,2,3,4,5,6,7,8,9,10,11,12,13,14,15,16,17,18,19,20,21]",97fc8d7bdcb6f8d1,008def70874a026f,10d6d066d34f0620,100,0.01,1.0,57300,0.09174133787229996,0.0004587066893614998,1225,0.5582845409953734,0.0011276250006631017,5.583002348430455e-06,0.0005982090078759938,1.8311115839896956,0.9999998957887866,1.0421121343640039e-07,2.0842241599261513e-07,0.35637889437943365,0.0004565330512381341,1.1509682096288998e-12,1.1510792319313623e-12,1e-12
success,,B-B_1.70_hgbs-5_as-006-008,hamiltonian_generator/hgbs5_diatomic_basis_transfer/screen/B-B/1.70/hgbs-5/B-B_1.70_hgbs-5_as-006-008.tensors.npz,B-B,1.70,hgbs-5,6,8,14,339,573,fermionic,magnitude_within_groups,"fixed deterministic fermionic color groups and group order; complete Hermitian fermionic terms sorted inside each group by decreasing coefficient magnitude, with component-key lexicographic tie-breaking; final JW Pauli order induced by first occurrence",339,25447,0.44417098671693633,31,"[15,13,12,11,11,11,13,11,7,8,10,9,8,10,10,8,9,8,10,19,9,11,4,11,10,9,28,12,13,9,10]","[0,1,2,3,4,5,6,7,8,9,10,11,12,13,14,15,16,17,18,19,20,21,22,23,24,25,26,27,28,29,30]",6a807da581b98204,7ba8e3289de33bc6,e57b6ea5cd39b34e,100,0.01,1.0,57300,0.10690242643554194,0.0005345121321777098,1225,0.5582845409953734,0.0011276250006631017,1.0083007509820163e-05,0.0006518330046674237,1.8445072500035167,0.9999998611091533,1.3889084671259155e-07,2.777816741073025e-07,0.35636012899126013,0.0005270499913909336,6.010747455320598e-13,6.009637232295972e-13,1e-12
success,,B-B_1.70_hgbs-5_as-006-010,hamiltonian_generator/hgbs5_diatomic_basis_transfer/night/B-B/1.70/hgbs-5/B-B_1.70_hgbs-5_as-006-010.tensors.npz,B-B,1.70,hgbs-5,6,10,16,516,896,jw,magnitude_within_groups,"fixed deterministic JW color groups and group order; final JW Pauli terms sorted inside each group by decreasing absolute coefficient magnitude, with dense Pauli lexicographic tie-breaking",896,128224,0.3197924980047885,26,"[32,48,40,48,40,48,40,40,32,40,32,40,32,32,32,32,32,32,32,32,32,32,32,32,16,16]","[0,1,2,3,4,5,6,7,8,9,10,11,12,13,14,15,16,17,18,19,20,21,22,23,24,25]",e769b2d558599a43,99215ba4ef8de22a,de06b20b2a9384d8,100,0.01,1.0,89600,0.10559158831644289,0.0005279579415822144,3136,1.7601389170013135,0.0033649169927230105,9.000010322779417e-06,0.0013910419947933406,10.739476417002152,0.9999998623543833,1.376456166823914e-07,2.7529121437996906e-07,0.2668449714039211,0.0005246820307241166,7.825962100582728e-13,7.823741654533478e-13,1e-12
success,,B-B_1.70_hgbs-5_as-006-010,hamiltonian_generator/hgbs5_diatomic_basis_transfer/night/B-B/1.70/hgbs-5/B-B_1.70_hgbs-5_as-006-010.tensors.npz,B-B,1.70,hgbs-5,6,10,16,516,896,fermionic,magnitude_within_groups,"fixed deterministic fermionic color groups and group order; complete Hermitian fermionic terms sorted inside each group by decreasing coefficient magnitude, with component-key lexicographic tie-breaking; final JW Pauli order induced by first occurrence",516,56083,0.42208926017912246,40,"[16,19,14,14,12,19,12,12,10,12,12,9,10,20,8,14,8,10,10,11,12,10,14,10,15,11,14,7,9,13,8,14,23,19,39,21,9,9,6,1]","[0,1,2,3,4,5,6,7,8,9,10,11,12,13,14,15,16,17,18,19,20,21,22,23,24,25,26,27,28,29,30,31,32,33,34,35,36,37,38,39]",e5439f05cde06379,4c72d19ee92e2bb8,d80cd282d108f471,100,0.01,1.0,89600,0.06995037259402807,0.00034975186297014037,3136,1.7601389170013135,0.0033649169927230105,1.2916993000544608e-05,0.0012418749975040555,10.704931290994864,0.999999940590816,5.940918401670103e-08,1.1881836448068839e-07,0.2668243887311919,0.0003447004032974172,5.240252676230739e-14,5.229150445984487e-14,1e-12
success,,B-B_1.70_hgbs-5_as-008-010,hamiltonian_generator/hgbs5_diatomic_basis_transfer/night/B-B/1.70/hgbs-5/B-B_1.70_hgbs-5_as-008-010.tensors.npz,B-B,1.70,hgbs-5,8,10,18,831,1491,jw,magnitude_within_groups,"fixed deterministic JW color groups and group order; final JW Pauli terms sorted inside each group by decreasing absolute coefficient magnitude, with dense Pauli lexicographic tie-breaking",1491,336576,0.30300460481006847,47,"[35,17,17,46,34,42,34,32,34,38,30,32,34,36,29,33,34,25,32,24,33,24,28,32,34,26,21,21,16,16,22,34,26,26,21,46,37,89,32,61,58,22,50,46,12,16,4]","[0,1,2,3,4,5,6,7,8,9,10,11,12,13,14,15,16,17,18,19,20,21,22,23,24,25,26,27,28,29,30,31,32,33,34,35,36,37,38,39,40,41,42,43,44,45,46]",02d79d2fe63ca033,8e34deab5d4b7088,97f92d230522c7a1,100,0.01,1.0,149100,0.32567822914704625,0.0016283911457352313,15876,17.108471583997016,0.06337133400666062,1.4292003470472991e-05,0.0033135419944301248,26.324293167010183,0.9999990587961527,9.412038473044504e-07,1.8824068087619494e-06,1.5545656447036194,0.0013720086350343793,1.1110001807423942e-12,1.1110001807423942e-12,1e-12
success,,B-B_1.70_hgbs-5_as-008-010,hamiltonian_generator/hgbs5_diatomic_basis_transfer/night/B-B/1.70/hgbs-5/B-B_1.70_hgbs-5_as-008-010.tensors.npz,B-B,1.70,hgbs-5,8,10,18,831,1491,fermionic,magnitude_within_groups,"fixed deterministic fermionic color groups and group order; complete Hermitian fermionic terms sorted inside each group by decreasing coefficient magnitude, with component-key lexicographic tie-breaking; final JW Pauli order induced by first occurrence",831,139640,0.4049120670407261,62,"[17,19,18,15,12,12,15,15,11,11,18,13,13,10,13,14,10,15,16,8,13,15,11,12,10,16,12,10,10,11,12,10,13,12,15,13,11,17,18,10,11,22,12,20,17,8,11,10,11,15,23,17,29,31,16,11,11,11,6,7,4,2]","[0,1,2,3,4,5,6,7,8,9,10,11,12,13,14,15,16,17,18,19,20,21,22,23,24,25,26,27,28,29,30,31,32,33,34,35,36,37,38,39,40,41,42,43,44,45,46,47,48,49,50,51,52,53,54,55,56,57,58,59,60,61]",cc63d8af8ef53c82,d1359222130cb6cc,15fc8c283764b970,100,0.01,1.0,149100,0.18375051202746578,0.0009187525601373289,15876,17.108471583997016,0.06337133400666062,2.025000867433846e-05,0.0035490000009303913,26.311831333994633,0.9999998643370149,1.356629850679525e-07,2.7132595170620277e-07,1.5546524930957575,0.0005208895949583798,4.0034642267983145e-13,4.0034642267983145e-13,1e-12
success,,B-B_1.70_hgbs-5_as-010-010,hamiltonian_generator/hgbs5_diatomic_basis_transfer/night/B-B/1.70/hgbs-5/B-B_1.70_hgbs-5_as-010-010.tensors.npz,B-B,1.70,hgbs-5,10,10,20,1256,2302,jw,magnitude_within_groups,"fixed deterministic JW color groups and group order; final JW Pauli terms sorted inside each group by decreasing absolute coefficient magnitude, with dense Pauli lexicographic tie-breaking",2302,758272,0.28630773233108714,68,"[94,76,76,72,84,48,24,42,56,42,42,42,20,24,24,24,24,28,46,18,120,20,120,64,20,96,64,16,40,32,36,32,20,16,16,26,24,26,24,16,18,16,16,16,30,20,25,26,14,23,23,16,26,31,28,12,16,18,22,30,16,20,34,28,18,18,6,2]","[0,1,2,3,4,5,6,7,8,9,10,11,12,13,14,15,16,17,18,19,20,21,22,23,24,25,26,27,28,29,30,31,32,33,34,35,36,37,38,39,40,41,42,43,44,45,46,47,48,49,50,51,52,53,54,55,56,57,58,59,60,61,62,63,64,65,66,67]",ea96cc3cabfad37d,9e5950bcd2b87580,41b38971aa869d76,100,0.01,1.0,230200,0.32508126598937315,0.0016254063299468656,63504,113.81228124999325,0.563342958004796,2.7125002816319466e-05,0.008217541995691136,80.18886854199809,0.999999421425462,5.785745379460749e-07,1.157148741159908e-06,0.12088545667956506,0.0010757086389409309,1.93212112975516e-12,1.93212112975516e-12,1e-12
success,,B-B_1.70_hgbs-5_as-010-010,hamiltonian_generator/hgbs5_diatomic_basis_transfer/night/B-B/1.70/hgbs-5/B-B_1.70_hgbs-5_as-010-010.tensors.npz,B-B,1.70,hgbs-5,10,10,20,1256,2302,fermionic,magnitude_within_groups,"fixed deterministic fermionic color groups and group order; complete Hermitian fermionic terms sorted inside each group by decreasing coefficient magnitude, with component-key lexicographic tie-breaking; final JW Pauli order induced by first occurrence",1256,311326,0.3950135762681757,83,"[16,14,21,21,19,17,13,17,17,14,20,17,22,19,11,14,12,15,14,19,11,12,10,14,11,14,9,12,13,13,18,13,27,18,11,18,10,16,14,17,10,11,15,10,13,14,12,12,15,12,13,12,11,14,14,8,16,16,12,17,19,9,11,20,20,66,12,10,8,46,39,26,21,16,8,11,14,11,5,6,5,2,1]","[0,1,2,3,4,5,6,7,8,9,10,11,12,13,14,15,16,17,18,19,20,21,22,23,24,25,26,27,28,29,30,31,32,33,34,35,36,37,38,39,40,41,42,43,44,45,46,47,48,49,50,51,52,53,54,55,56,57,58,59,60,61,62,63,64,65,66,67,68,69,70,71,72,73,74,75,76,77,78,79,80,81,82]",78d6ccbf0b27f438,59d814703dfc61ac,6e9b0aaf08a5e6b1,100,0.01,1.0,230200,0.3250444061052908,0.001625222030526454,63504,113.81228124999325,0.563342958004796,4.8457994125783443e-05,0.008236541994847357,80.42644799999835,0.9999994805068935,5.194931065322095e-07,1.0389859431692017e-06,0.12085163497190207,0.0010193067315898679,1.1497469643018121e-12,1.1497469643018121e-12,1e-12
